Student ID Number,Academic Term,Award Year,Fund Code,Fund Description,Amount Awarded,Amount Earned,Release Status,Sport Name from Fund
31348,"Fall 2025",2025,5639,"Athletic Men Track/Field 25-26",2500,0,"T","Track & Field"
82278,"Fall 2025",2025,5634,"Athletic Mens Basketball 25-26",2500,0,"T","Basketball"
136831,"Fall 2025",2025,5636,"Athletic Women's Vball 26-25",2500,0,"T","Volleyball"
143112,"Fall 2025",2025,5636,"Athletic Women's Vball 26-25",2500,0,"T","Volleyball"
144104,"Fall 2025",2025,5639,"Athletic Men Track/Field 25-26",2500,0,"T","Track & Field"
145310,"Fall 2025",2025,5636,"Athletic Women's Vball 26-25",2500,0,"T","Volleyball"
146891,"Fall 2025",2025,5636,"Athletic Women's Vball 26-25",2500,0,"T","Volleyball"
146963,"Fall 2025",2025,5636,"Athletic Women's Vball 26-25",2500,0,"T","Volleyball"
147038,"Fall 2025",2025,5637,"Athletic Mens Baseball 25-26",2500,0,"T","Baseball"
147136,"Fall 2025",2025,5637,"Athletic Mens Baseball 25-26",2500,0,"T","Baseball"
149646,"Fall 2025",2025,5639,"Athletic Men Track/Field 25-26",2500,0,"T","Track & Field"
150086,"Fall 2025",2025,5423,"Athletic Women's Soccer 24-25",2500,0,"T","Soccer"
150098,"Fall 2025",2025,5634,"Athletic Mens Basketball 25-26",2500,0,"T","Basketball"
150271,"Fall 2025",2025,5423,"Athletic Women's Soccer 24-25",2500,0,"T","Soccer"
150293,"Fall 2025",2025,5636,"Athletic Women's Vball 26-25",2500,0,"T","Volleyball"
150544,"Fall 2025",2025,5636,"Athletic Women's Vball 26-25",2500,0,"T","Volleyball"
150598,"Fall 2025",2025,5636,"Athletic Women's Vball 26-25",2500,0,"T","Volleyball"
150608,"Fall 2025",2025,5637,"Athletic Mens Baseball 25-26",2500,0,"T","Baseball"
150663,"Fall 2025",2025,5636,"Athletic Women's Vball 26-25",2500,0,"T","Volleyball"
150708,"Fall 2025",2025,5423,"Athletic Women's Soccer 24-25",2500,0,"T","Soccer"
150721,"Fall 2025",2025,5636,"Athletic Women's Vball 26-25",2500,0,"T","Volleyball"
150733,"Fall 2025",2025,5637,"Athletic Mens Baseball 25-26",2500,0,"T","Baseball"
150764,"Fall 2025",2025,5636,"Athletic Women's Vball 26-25",2500,0,"T","Volleyball"
150816,"Fall 2025",2025,5634,"Athletic Mens Basketball 25-26",2500,0,"T","Basketball"
150840,"Fall 2025",2025,5637,"Athletic Mens Baseball 25-26",2500,0,"T","Baseball"
150857,"Fall 2025",2025,5636,"Athletic Women's Vball 26-25",2500,0,"T","Volleyball"
150887,"Fall 2025",2025,5423,"Athletic Women's Soccer 24-25",2500,0,"T","Soccer"
150925,"Fall 2025",2025,5637,"Athletic Mens Baseball 25-26",2500,0,"T","Baseball"
150945,"Fall 2025",2025,5636,"Athletic Women's Vball 26-25",2500,0,"T","Volleyball"
151019,"Fall 2025",2025,5637,"Athletic Mens Baseball 25-26",2500,0,"T","Baseball"
151892,"Fall 2025",2025,5637,"Athletic Mens Baseball 25-26",2500,0,"T","Baseball"
152347,"Fall 2025",2025,5639,"Athletic Men Track/Field 25-26",2500,0,"T","Track & Field"
152780,"Fall 2025",2025,5423,"Athletic Women's Soccer 24-25",2500,0,"T","Soccer"
153664,"Fall 2025",2025,5639,"Athletic Men Track/Field 25-26",2500,0,"T","Track & Field"
153804,"Fall 2025",2025,5637,"Athletic Mens Baseball 25-26",2500,0,"T","Baseball"
154029,"Fall 2025",2025,5639,"Athletic Men Track/Field 25-26",2500,0,"T","Track & Field"
154171,"Fall 2025",2025,5637,"Athletic Mens Baseball 25-26",2500,0,"T","Baseball"
154360,"Fall 2025",2025,5423,"Athletic Women's Soccer 24-25",2500,0,"T","Soccer"
154443,"Fall 2025",2025,5638,"Athletic Mens Soccer 25-26",2500,0,"T","Soccer"
155537,"Fall 2025",2025,5639,"Athletic Men Track/Field 25-26",2500,0,"T","Track & Field"
155594,"Fall 2025",2025,5634,"Athletic Mens Basketball 25-26",2500,0,"T","Basketball"
155608,"Fall 2025",2025,5634,"Athletic Mens Basketball 25-26",2500,0,"T","Basketball"
155611,"Fall 2025",2025,5423,"Athletic Women's Soccer 24-25",2500,0,"T","Soccer"
155643,"Fall 2025",2025,5639,"Athletic Men Track/Field 25-26",2500,0,"T","Track & Field"
155833,"Fall 2025",2025,5637,"Athletic Mens Baseball 25-26",2500,0,"T","Baseball"
155839,"Fall 2025",2025,5637,"Athletic Mens Baseball 25-26",2500,0,"T","Baseball"
155861,"Fall 2025",2025,5634,"Athletic Mens Basketball 25-26",2500,0,"T","Basketball"
155937,"Fall 2025",2025,5634,"Athletic Mens Basketball 25-26",2500,0,"T","Basketball"
155950,"Fall 2025",2025,5639,"Athletic Men Track/Field 25-26",2500,0,"T","Track & Field"
155969,"Fall 2025",2025,5634,"Athletic Mens Basketball 25-26",2500,0,"T","Basketball"
155985,"Fall 2025",2025,5634,"Athletic Mens Basketball 25-26",2500,0,"T","Basketball"
156553,"Fall 2025",2025,5636,"Athletic Women's Vball 26-25",2500,0,"T","Volleyball"
156639,"Fall 2025",2025,5637,"Athletic Mens Baseball 25-26",2500,0,"T","Baseball"
156672,"Fall 2025",2025,5636,"Athletic Women's Vball 26-25",2500,0,"T","Volleyball"
156682,"Fall 2025",2025,5637,"Athletic Mens Baseball 25-26",2500,0,"T","Baseball"
156687,"Fall 2025",2025,5637,"Athletic Mens Baseball 25-26",2500,0,"T","Baseball"
156829,"Fall 2025",2025,5634,"Athletic Mens Basketball 25-26",2500,0,"T","Basketball"
137662,"Fall 2024",2024,5351,"Athletic Mens Baseball 24-25",2500,0,"T","Baseball"
143922,"Fall 2024",2024,5351,"Athletic Mens Baseball 24-25",2500,0,"T","Baseball"
144484,"Fall 2024",2024,5351,"Athletic Mens Baseball 24-25",2500,0,"T","Baseball"
145582,"Fall 2024",2024,5348,"Athletic Mens Basketball 24-25",2500,0,"T","Basketball"
146671,"Fall 2024",2024,5351,"Athletic Mens Baseball 24-25",2500,0,"T","Baseball"
146692,"Fall 2024",2024,5348,"Athletic Mens Basketball 24-25",2500,0,"T","Basketball"
146811,"Fall 2024",2024,5351,"Athletic Mens Baseball 24-25",2500,0,"T","Baseball"
147038,"Fall 2024",2024,5351,"Athletic Mens Baseball 24-25",2500,0,"T","Baseball"
148986,"Fall 2024",2024,5351,"Athletic Mens Baseball 24-25",2500,0,"T","Baseball"
149646,"Fall 2024",2024,5353,"Athletic Men Track/Field 24-25",2500,0,"T","Track & Field"
150365,"Fall 2024",2024,5423,"Athletic Women's Soccer 24-25",2500,0,"T","Soccer"
150816,"Fall 2024",2024,5348,"Athletic Mens Basketball 24-25",2500,0,"T","Basketball"
137662,"Spring 2025",2024,5351,"Athletic Mens Baseball 24-25",2500,0,"T","Baseball"
143922,"Spring 2025",2024,5351,"Athletic Mens Baseball 24-25",2500,0,"T","Baseball"
144484,"Spring 2025",2024,5351,"Athletic Mens Baseball 24-25",2500,0,"T","Baseball"
145582,"Spring 2025",2024,5348,"Athletic Mens Basketball 24-25",2500,0,"T","Basketball"
146671,"Spring 2025",2024,5351,"Athletic Mens Baseball 24-25",2500,0,"T","Baseball"
146692,"Spring 2025",2024,5348,"Athletic Mens Basketball 24-25",2500,0,"T","Basketball"
146811,"Spring 2025",2024,5351,"Athletic Mens Baseball 24-25",2500,0,"T","Baseball"
147038,"Spring 2025",2024,5351,"Athletic Mens Baseball 24-25",2500,0,"T","Baseball"
148986,"Spring 2025",2024,5351,"Athletic Mens Baseball 24-25",2500,0,"T","Baseball"
149646,"Spring 2025",2024,5353,"Athletic Men Track/Field 24-25",2500,0,"T","Track & Field"
150365,"Spring 2025",2024,5423,"Athletic Women's Soccer 24-25",2500,0,"T","Soccer"
150816,"Spring 2025",2024,5348,"Athletic Mens Basketball 24-25",2500,0,"T","Basketball"
136461,"Fall 2023",2023,5067,"Athletic Mens Baseball 23-24",2500,0,"T","Baseball"
136688,"Fall 2023",2023,5067,"Athletic Mens Baseball 23-24",2500,0,"T","Baseball"
136700,"Fall 2023",2023,5067,"Athletic Mens Baseball 23-24",2500,0,"T","Baseball"
137031,"Fall 2023",2023,5067,"Athletic Mens Baseball 23-24",2500,0,"T","Baseball"
137662,"Fall 2023",2023,5067,"Athletic Mens Baseball 23-24",2500,0,"T","Baseball"
137949,"Fall 2023",2023,5067,"Athletic Mens Baseball 23-24",2500,0,"T","Baseball"
141787,"Fall 2023",2023,5067,"Athletic Mens Baseball 23-24",2500,0,"T","Baseball"
142208,"Fall 2023",2023,5067,"Athletic Mens Baseball 23-24",2500,0,"T","Baseball"
146671,"Fall 2023",2023,5067,"Athletic Mens Baseball 23-24",2500,0,"T","Baseball"
146786,"Fall 2023",2023,5067,"Athletic Mens Baseball 23-24",2500,0,"T","Baseball"
146891,"Fall 2023",2023,5066,"Athletic Women's Vball 23-24",2500,0,"T","Volleyball"
146921,"Fall 2023",2023,5066,"Athletic Women's Vball 23-24",2500,0,"T","Volleyball"
147048,"Fall 2023",2023,5067,"Athletic Mens Baseball 23-24",2500,0,"T","Baseball"
147060,"Fall 2023",2023,5067,"Athletic Mens Baseball 23-24",2500,0,"T","Baseball"
136461,"Spring 2024",2023,5067,"Athletic Mens Baseball 23-24",2500,0,"T","Baseball"
136688,"Spring 2024",2023,5067,"Athletic Mens Baseball 23-24",2500,0,"T","Baseball"
136700,"Spring 2024",2023,5067,"Athletic Mens Baseball 23-24",2500,0,"T","Baseball"
137031,"Spring 2024",2023,5067,"Athletic Mens Baseball 23-24",2500,0,"T","Baseball"
137090,"Spring 2024",2023,5069,"Athletic Men Track/Field 23-24",2500,0,"T","Track & Field"
137662,"Spring 2024",2023,5067,"Athletic Mens Baseball 23-24",2500,0,"T","Baseball"
141787,"Spring 2024",2023,5067,"Athletic Mens Baseball 23-24",2500,0,"T","Baseball"
142208,"Spring 2024",2023,5067,"Athletic Mens Baseball 23-24",2500,0,"T","Baseball"
146671,"Spring 2024",2023,5067,"Athletic Mens Baseball 23-24",2500,0,"T","Baseball"
146786,"Spring 2024",2023,5067,"Athletic Mens Baseball 23-24",2500,0,"T","Baseball"
146891,"Spring 2024",2023,5066,"Athletic Women's Vball 23-24",2500,0,"T","Volleyball"
147048,"Spring 2024",2023,5067,"Athletic Mens Baseball 23-24",2500,0,"T","Baseball"
147060,"Spring 2024",2023,5067,"Athletic Mens Baseball 23-24",2500,0,"T","Baseball"
149200,"Spring 2024",2023,5068,"Athletic Mens Soccer 23-24",2500,0,"T","Soccer"
134752,"Fall 2022",2022,4787,"Athletic Mens Baseball 22-23",2500,0,"T","Baseball"
136553,"Fall 2022",2022,4787,"Athletic Mens Baseball 22-23",2500,0,"T","Baseball"
136688,"Fall 2022",2022,4787,"Athletic Mens Baseball 22-23",2500,0,"T","Baseball"
136700,"Fall 2022",2022,4787,"Athletic Mens Baseball 22-23",2500,0,"T","Baseball"
137031,"Fall 2022",2022,4787,"Athletic Mens Baseball 22-23",2500,0,"T","Baseball"
137662,"Fall 2022",2022,4787,"Athletic Mens Baseball 22-23",2500,0,"T","Baseball"
137949,"Fall 2022",2022,4787,"Athletic Mens Baseball 22-23",2500,0,"T","Baseball"
136688,"Spring 2023",2022,4787,"Athletic Mens Baseball 22-23",2500,0,"T","Baseball"
136700,"Spring 2023",2022,4787,"Athletic Mens Baseball 22-23",2500,0,"T","Baseball"
137031,"Spring 2023",2022,4787,"Athletic Mens Baseball 22-23",2500,0,"T","Baseball"
137662,"Spring 2023",2022,4787,"Athletic Mens Baseball 22-23",2500,0,"T","Baseball"
137949,"Spring 2023",2022,4787,"Athletic Mens Baseball 22-23",2500,0,"T","Baseball"
130350,"Fall 2021",2021,4519,"Athletic Women's Vball 21-22",2500,0,"T","Volleyball"
136461,"Fall 2021",2021,4520,"Athletic Mens Baseball 21-22",2500,0,"T","Baseball"
130350,"Spring 2022",2021,4519,"Athletic Women's Vball 21-22",2500,0,"T","Volleyball"
136461,"Spring 2022",2021,4520,"Athletic Mens Baseball 21-22",2500,0,"T","Baseball"
121785,"Fall 2020",2020,4264,"Athletic Mens Baseball 20-21",2500,0,"T","Baseball"
122512,"Fall 2020",2020,4264,"Athletic Mens Baseball 20-21",2500,0,"T","Baseball"
126575,"Fall 2020",2020,4264,"Athletic Mens Baseball 20-21",2500,0,"T","Baseball"
128714,"Fall 2020",2020,4264,"Athletic Mens Baseball 20-21",2500,0,"T","Baseball"
129103,"Fall 2020",2020,4261,"Athletic Mens Basketball 20-21",2500,0,"T","Basketball"
130350,"Fall 2020",2020,4263,"Athletic Women's Vball 20-21",2500,0,"T","Volleyball"
121785,"Spring 2021",2020,4264,"Athletic Mens Baseball 20-21",2500,0,"T","Baseball"
122512,"Spring 2021",2020,4264,"Athletic Mens Baseball 20-21",2500,0,"T","Baseball"
130350,"Spring 2021",2020,4263,"Athletic Women's Vball 20-21",2500,0,"T","Volleyball"
12019,"Fall 2019",2019,4006,"Athletic Mens Baseball 19-20",2500,0,"T","Baseball"
115507,"Fall 2019",2019,4006,"Athletic Mens Baseball 19-20",2500,0,"T","Baseball"
121785,"Fall 2019",2019,4006,"Athletic Mens Baseball 19-20",2500,0,"T","Baseball"
126637,"Fall 2019",2019,4006,"Athletic Mens Baseball 19-20",2500,0,"T","Baseball"
126642,"Fall 2019",2019,4006,"Athletic Mens Baseball 19-20",2500,0,"T","Baseball"
128044,"Fall 2019",2019,4005,"Athletic Women's Vball 19-20",2500,0,"T","Volleyball"
129103,"Fall 2019",2019,4003,"Athletic Mens Basketball 19-20",2500,0,"T","Basketball"
12019,"Spring 2020",2019,4006,"Athletic Mens Baseball 19-20",2500,0,"T","Baseball"
115507,"Spring 2020",2019,4006,"Athletic Mens Baseball 19-20",2500,0,"T","Baseball"
121785,"Spring 2020",2019,4006,"Athletic Mens Baseball 19-20",2500,0,"T","Baseball"
126637,"Spring 2020",2019,4006,"Athletic Mens Baseball 19-20",2500,0,"T","Baseball"
126642,"Spring 2020",2019,4006,"Athletic Mens Baseball 19-20",2500,0,"T","Baseball"
128044,"Spring 2020",2019,4005,"Athletic Women's Vball 19-20",2500,0,"T","Volleyball"
129103,"Spring 2020",2019,4003,"Athletic Mens Basketball 19-20",2500,0,"T","Basketball"
124726,"Fall 2018",2018,3752,"Athletic Mens Basketball 18-19",2500,0,"T","Basketball"
125848,"Fall 2018",2018,3827,"Athletic Women's Soccer 18-19",2500,0,"T","Soccer"
124726,"Spring 2019",2018,3752,"Athletic Mens Basketball 18-19",2500,0,"T","Basketball"
115233,"Fall 2017",2017,3507,"Athletic Mens Baseball 17-18",2500,0,"T","Baseball"
116320,"Fall 2017",2017,3507,"Athletic Mens Baseball 17-18",2500,0,"T","Baseball"
116331,"Fall 2017",2017,3507,"Athletic Mens Baseball 17-18",2500,0,"T","Baseball"
121778,"Fall 2017",2017,3507,"Athletic Mens Baseball 17-18",2500,0,"T","Baseball"
121843,"Fall 2017",2017,3508,"Athletic Mens Soccer",2500,0,"T","Soccer"
115233,"Spring 2018",2017,3507,"Athletic Mens Baseball 17-18",2500,0,"T","Baseball"
116320,"Spring 2018",2017,3507,"Athletic Mens Baseball 17-18",2500,0,"T","Baseball"
116331,"Spring 2018",2017,3507,"Athletic Mens Baseball 17-18",2500,0,"T","Baseball"
121778,"Spring 2018",2017,3507,"Athletic Mens Baseball 17-18",2500,0,"T","Baseball"
140486,"Fall 2025",2025,5639,"Athletic Men Track/Field 25-26",3750,0,"T","Track & Field"
145064,"Fall 2025",2025,5637,"Athletic Mens Baseball 25-26",3750,0,"T","Baseball"
146767,"Fall 2025",2025,5639,"Athletic Men Track/Field 25-26",3750,0,"T","Track & Field"
149596,"Fall 2025",2025,5637,"Athletic Mens Baseball 25-26",3750,0,"T","Baseball"
149664,"Fall 2025",2025,5637,"Athletic Mens Baseball 25-26",3750,0,"T","Baseball"
149748,"Fall 2025",2025,5638,"Athletic Mens Soccer 25-26",3750,0,"T","Soccer"
150827,"Fall 2025",2025,5637,"Athletic Mens Baseball 25-26",3750,0,"T","Baseball"
150828,"Fall 2025",2025,5638,"Athletic Mens Soccer 25-26",3750,0,"T","Soccer"
150978,"Fall 2025",2025,5637,"Athletic Mens Baseball 25-26",3750,0,"T","Baseball"
151506,"Fall 2025",2025,5639,"Athletic Men Track/Field 25-26",3750,0,"T","Track & Field"
152332,"Fall 2025",2025,5639,"Athletic Men Track/Field 25-26",3750,0,"T","Track & Field"
153726,"Fall 2025",2025,5638,"Athletic Mens Soccer 25-26",3750,0,"T","Soccer"
156533,"Fall 2025",2025,5639,"Athletic Men Track/Field 25-26",3750,0,"T","Track & Field"
136330,"MAST Fall 2025",2025,5639,"Athletic Men Track/Field 25-26",3750,0,"T","Track & Field"
136927,"MAST Fall 2025",2025,5639,"Athletic Men Track/Field 25-26",3750,0,"T","Track & Field"
129076,"Fall 2024",2024,5351,"Athletic Mens Baseball 24-25",3750,0,"T","Baseball"
140486,"Fall 2024",2024,5353,"Athletic Men Track/Field 24-25",3750,0,"T","Track & Field"
141821,"Fall 2024",2024,5348,"Athletic Mens Basketball 24-25",3750,0,"T","Basketball"
142286,"Fall 2024",2024,5352,"Athletic Mens Soccer 24-25",3750,0,"T","Soccer"
146810,"Fall 2024",2024,5351,"Athletic Mens Baseball 24-25",3750,0,"T","Baseball"
146989,"Fall 2024",2024,5348,"Athletic Mens Basketball 24-25",3750,0,"T","Basketball"
147072,"Fall 2024",2024,5348,"Athletic Mens Basketball 24-25",3750,0,"T","Basketball"
147078,"Fall 2024",2024,5348,"Athletic Mens Basketball 24-25",3750,0,"T","Basketball"
149596,"Fall 2024",2024,5351,"Athletic Mens Baseball 24-25",3750,0,"T","Baseball"
149664,"Fall 2024",2024,5351,"Athletic Mens Baseball 24-25",3750,0,"T","Baseball"
149748,"Fall 2024",2024,5352,"Athletic Mens Soccer 24-25",3750,0,"T","Soccer"
150374,"Fall 2024",2024,5350,"Athletic Women's Vball 24-25",3750,0,"T","Volleyball"
150662,"Fall 2024",2024,5352,"Athletic Mens Soccer 24-25",3750,0,"T","Soccer"
150764,"Fall 2024",2024,5350,"Athletic Women's Vball 24-25",3750,0,"T","Volleyball"
150785,"Fall 2024",2024,5352,"Athletic Mens Soccer 24-25",3750,0,"T","Soccer"
150793,"Fall 2024",2024,5350,"Athletic Women's Vball 24-25",3750,0,"T","Volleyball"
150827,"Fall 2024",2024,5351,"Athletic Mens Baseball 24-25",3750,0,"T","Baseball"
150828,"Fall 2024",2024,5352,"Athletic Mens Soccer 24-25",3750,0,"T","Soccer"
150977,"Fall 2024",2024,5351,"Athletic Mens Baseball 24-25",3750,0,"T","Baseball"
150978,"Fall 2024",2024,5351,"Athletic Mens Baseball 24-25",3750,0,"T","Baseball"
151077,"Fall 2024",2024,5423,"Athletic Women's Soccer 24-25",3750,0,"T","Soccer"
150082,"MAST Fall 2024",2024,5348,"Athletic Mens Basketball 24-25",3750,0,"T","Basketball"
150799,"MAST Fall 2024",2024,5348,"Athletic Mens Basketball 24-25",3750,0,"T","Basketball"
150082,"MAST Spring 2025",2024,5348,"Athletic Mens Basketball 24-25",3750,0,"T","Basketball"
150799,"MAST Spring 2025",2024,5348,"Athletic Mens Basketball 24-25",3750,0,"T","Basketball"
129076,"Spring 2025",2024,5351,"Athletic Mens Baseball 24-25",3750,0,"T","Baseball"
141821,"Spring 2025",2024,5348,"Athletic Mens Basketball 24-25",3750,0,"T","Basketball"
142286,"Spring 2025",2024,5352,"Athletic Mens Soccer 24-25",3750,0,"T","Soccer"
146810,"Spring 2025",2024,5351,"Athletic Mens Baseball 24-25",3750,0,"T","Baseball"
146989,"Spring 2025",2024,5348,"Athletic Mens Basketball 24-25",3750,0,"T","Basketball"
147072,"Spring 2025",2024,5348,"Athletic Mens Basketball 24-25",3750,0,"T","Basketball"
147078,"Spring 2025",2024,5348,"Athletic Mens Basketball 24-25",3750,0,"T","Basketball"
149596,"Spring 2025",2024,5351,"Athletic Mens Baseball 24-25",3750,0,"T","Baseball"
149664,"Spring 2025",2024,5351,"Athletic Mens Baseball 24-25",3750,0,"T","Baseball"
149748,"Spring 2025",2024,5352,"Athletic Mens Soccer 24-25",3750,0,"T","Soccer"
150374,"Spring 2025",2024,5350,"Athletic Women's Vball 24-25",3750,0,"T","Volleyball"
150662,"Spring 2025",2024,5352,"Athletic Mens Soccer 24-25",3750,0,"T","Soccer"
150764,"Spring 2025",2024,5350,"Athletic Women's Vball 24-25",3750,0,"T","Volleyball"
150785,"Spring 2025",2024,5352,"Athletic Mens Soccer 24-25",3750,0,"T","Soccer"
150793,"Spring 2025",2024,5350,"Athletic Women's Vball 24-25",3750,0,"T","Volleyball"
150827,"Spring 2025",2024,5351,"Athletic Mens Baseball 24-25",3750,0,"T","Baseball"
150828,"Spring 2025",2024,5352,"Athletic Mens Soccer 24-25",3750,0,"T","Soccer"
150978,"Spring 2025",2024,5351,"Athletic Mens Baseball 24-25",3750,0,"T","Baseball"
151077,"Spring 2025",2024,5423,"Athletic Women's Soccer 24-25",3750,0,"T","Soccer"
151908,"Spring 2025",2024,5352,"Athletic Mens Soccer 24-25",3750,0,"T","Soccer"
153469,"Spring 2025",2024,5423,"Athletic Women's Soccer 24-25",3750,0,"T","Soccer"
153726,"Spring 2025",2024,5352,"Athletic Mens Soccer 24-25",3750,0,"T","Soccer"
140486,"Fall 2023",2023,5069,"Athletic Men Track/Field 23-24",3750,0,"T","Track & Field"
141603,"Fall 2023",2023,5067,"Athletic Mens Baseball 23-24",3750,0,"T","Baseball"
142286,"Fall 2023",2023,5068,"Athletic Mens Soccer 23-24",3750,0,"T","Soccer"
144484,"Fall 2023",2023,5067,"Athletic Mens Baseball 23-24",3750,0,"T","Baseball"
145064,"Fall 2023",2023,5067,"Athletic Mens Baseball 23-24",3750,0,"T","Baseball"
146094,"Fall 2023",2023,5139,"Athletic Women's Soccer 23-24",3750,0,"T","Soccer"
146185,"Fall 2023",2023,5068,"Athletic Mens Soccer 23-24",3750,0,"T","Soccer"
146807,"Fall 2023",2023,5068,"Athletic Mens Soccer 23-24",3750,0,"T","Soccer"
146810,"Fall 2023",2023,5067,"Athletic Mens Baseball 23-24",3750,0,"T","Baseball"
146836,"Fall 2023",2023,5067,"Athletic Mens Baseball 23-24",3750,0,"T","Baseball"
146949,"Fall 2023",2023,5066,"Athletic Women's Vball 23-24",3750,0,"T","Volleyball"
146963,"Fall 2023",2023,5139,"Athletic Women's Soccer 23-24",3750,0,"T","Soccer"
146989,"Fall 2023",2023,5064,"Athletic Mens Basketball 23-24",3750,0,"T","Basketball"
147055,"Fall 2023",2023,5064,"Athletic Mens Basketball 23-24",3750,0,"T","Basketball"
147072,"Fall 2023",2023,5064,"Athletic Mens Basketball 23-24",3750,0,"T","Basketball"
147078,"Fall 2023",2023,5064,"Athletic Mens Basketball 23-24",3750,0,"T","Basketball"
147109,"Fall 2023",2023,5067,"Athletic Mens Baseball 23-24",3750,0,"T","Baseball"
147136,"Fall 2023",2023,5067,"Athletic Mens Baseball 23-24",3750,0,"T","Baseball"
140486,"Spring 2024",2023,5069,"Athletic Men Track/Field 23-24",3750,0,"T","Track & Field"
141603,"Spring 2024",2023,5067,"Athletic Mens Baseball 23-24",3750,0,"T","Baseball"
142286,"Spring 2024",2023,5068,"Athletic Mens Soccer 23-24",3750,0,"T","Soccer"
144484,"Spring 2024",2023,5067,"Athletic Mens Baseball 23-24",3750,0,"T","Baseball"
145064,"Spring 2024",2023,5067,"Athletic Mens Baseball 23-24",3750,0,"T","Baseball"
146094,"Spring 2024",2023,5139,"Athletic Women's Soccer 23-24",3750,0,"T","Soccer"
146807,"Spring 2024",2023,5068,"Athletic Mens Soccer 23-24",3750,0,"T","Soccer"
146810,"Spring 2024",2023,5067,"Athletic Mens Baseball 23-24",3750,0,"T","Baseball"
146836,"Spring 2024",2023,5067,"Athletic Mens Baseball 23-24",3750,0,"T","Baseball"
146949,"Spring 2024",2023,5066,"Athletic Women's Vball 23-24",3750,0,"T","Volleyball"
146963,"Spring 2024",2023,5139,"Athletic Women's Soccer 23-24",3750,0,"T","Soccer"
147055,"Spring 2024",2023,5064,"Athletic Mens Basketball 23-24",3750,0,"T","Basketball"
147072,"Spring 2024",2023,5064,"Athletic Mens Basketball 23-24",3750,0,"T","Basketball"
147078,"Spring 2024",2023,5064,"Athletic Mens Basketball 23-24",3750,0,"T","Basketball"
147109,"Spring 2024",2023,5067,"Athletic Mens Baseball 23-24",3750,0,"T","Baseball"
147136,"Spring 2024",2023,5067,"Athletic Mens Baseball 23-24",3750,0,"T","Baseball"
140486,"Fall 2022",2022,4789,"Athletic Men Track/Field 22-23",3750,0,"T","Track & Field"
140486,"Spring 2023",2022,4789,"Athletic Men Track/Field 22-23",3750,0,"T","Track & Field"
128696,"Fall 2021",2021,4522,"Athletic Men Track/Field 21-22",3750,0,"T","Track & Field"
128696,"Spring 2022",2021,4522,"Athletic Men Track/Field 21-22",3750,0,"T","Track & Field"
137447,"Fall 2025",2025,5634,"Athletic Mens Basketball 25-26",1350,0,"T","Basketball"
138135,"Fall 2025",2025,5639,"Athletic Men Track/Field 25-26",1500,0,"T","Track & Field"
139122,"Fall 2025",2025,5639,"Athletic Men Track/Field 25-26",1000,0,"T","Track & Field"
141296,"Fall 2025",2025,5639,"Athletic Men Track/Field 25-26",1000,0,"T","Track & Field"
142119,"Fall 2025",2025,5637,"Athletic Mens Baseball 25-26",0,0,"T","Baseball"
142135,"Fall 2025",2025,5634,"Athletic Mens Basketball 25-26",3250,0,"T","Basketball"
143846,"Fall 2025",2025,5637,"Athletic Mens Baseball 25-26",2499,0,"T","Baseball"
144924,"Fall 2025",2025,5637,"Athletic Mens Baseball 25-26",7500,0,"T","Baseball"
146098,"Fall 2025",2025,5638,"Athletic Mens Soccer 25-26",3250,0,"T","Soccer"
146738,"Fall 2025",2025,5639,"Athletic Men Track/Field 25-26",1500,0,"T","Track & Field"
146784,"Fall 2025",2025,5634,"Athletic Mens Basketball 25-26",2750,0,"T","Basketball"
146927,"Fall 2025",2025,5639,"Athletic Men Track/Field 25-26",3000,0,"T","Track & Field"
146976,"Fall 2025",2025,5634,"Athletic Mens Basketball 25-26",3250,0,"T","Basketball"
146992,"Fall 2025",2025,5639,"Athletic Men Track/Field 25-26",500,0,"T","Track & Field"
147079,"Fall 2025",2025,5634,"Athletic Mens Basketball 25-26",2750,0,"T","Basketball"
147410,"Fall 2025",2025,5638,"Athletic Mens Soccer 25-26",3250,0,"T","Soccer"
149681,"Fall 2025",2025,5638,"Athletic Mens Soccer 25-26",3250,0,"T","Soccer"
150063,"Fall 2025",2025,5709,"Athletic Women's Soccer 25-26",3000,0,"T","Soccer"
150657,"Fall 2025",2025,5638,"Athletic Mens Soccer 25-26",2250,0,"T","Soccer"
150662,"Fall 2025",2025,5638,"Athletic Mens Soccer 25-26",3250,0,"T","Soccer"
150742,"Fall 2025",2025,5638,"Athletic Mens Soccer 25-26",4652,0,"T","Soccer"
150749,"Fall 2025",2025,5638,"Athletic Mens Soccer 25-26",2749,0,"T","Soccer"
150785,"Fall 2025",2025,5638,"Athletic Mens Soccer 25-26",3250,0,"T","Soccer"
150856,"Fall 2025",2025,5636,"Athletic Women's Vball 26-25",8750,0,"T","Volleyball"
150865,"Fall 2025",2025,5638,"Athletic Mens Soccer 25-26",2250,0,"T","Soccer"
150946,"Fall 2025",2025,5636,"Athletic Women's Vball 26-25",8750,0,"T","Volleyball"
151023,"Fall 2025",2025,5638,"Athletic Mens Soccer 25-26",3000,0,"T","Soccer"
151077,"Fall 2025",2025,5709,"Athletic Women's Soccer 25-26",3250,0,"T","Soccer"
151908,"Fall 2025",2025,5638,"Athletic Mens Soccer 25-26",0,0,"T","Soccer"
152299,"Fall 2025",2025,5639,"Athletic Men Track/Field 25-26",1500,0,"T","Track & Field"
152329,"Fall 2025",2025,5639,"Athletic Men Track/Field 25-26",1652,0,"T","Track & Field"
152333,"Fall 2025",2025,5639,"Athletic Men Track/Field 25-26",2752,0,"T","Track & Field"
152441,"Fall 2025",2025,5638,"Athletic Mens Soccer 25-26",5000,0,"T","Soccer"
152979,"Fall 2025",2025,5638,"Athletic Mens Soccer 25-26",2250,0,"T","Soccer"
153035,"Fall 2025",2025,5638,"Athletic Mens Soccer 25-26",2250,0,"T","Soccer"
153499,"Fall 2025",2025,5638,"Athletic Mens Soccer 25-26",3000,0,"T","Soccer"
153642,"Fall 2025",2025,5637,"Athletic Mens Baseball 25-26",0,0,"T","Baseball"
153724,"Fall 2025",2025,5637,"Athletic Mens Baseball 25-26",3720,0,"T","Baseball"
153809,"Fall 2025",2025,5423,"Athletic Women's Soccer 24-25",4000,0,"T","Soccer"
155070,"Fall 2025",2025,5637,"Athletic Mens Baseball 25-26",2250,0,"T","Baseball"
155536,"Fall 2025",2025,5709,"Athletic Women's Soccer 25-26",3000,0,"T","Soccer"
155688,"Fall 2025",2025,5709,"Athletic Women's Soccer 25-26",3000,0,"T","Soccer"
155793,"Fall 2025",2025,5634,"Athletic Mens Basketball 25-26",1616,0,"T","Basketball"
156031,"Fall 2025",2025,5709,"Athletic Women's Soccer 25-26",3000,0,"T","Soccer"
156055,"Fall 2025",2025,5638,"Athletic Mens Soccer 25-26",2250,0,"T","Soccer"
156199,"Fall 2025",2025,5637,"Athletic Mens Baseball 25-26",3500,0,"T","Baseball"
156294,"Fall 2025",2025,5638,"Athletic Mens Soccer 25-26",2250,0,"T","Soccer"
156578,"Fall 2025",2025,5637,"Athletic Mens Baseball 25-26",4000,0,"T","Baseball"
156589,"Fall 2025",2025,5637,"Athletic Mens Baseball 25-26",8750,0,"T","Baseball"
156656,"Fall 2025",2025,5637,"Athletic Mens Baseball 25-26",3500,0,"T","Baseball"
156668,"Fall 2025",2025,5709,"Athletic Women's Soccer 25-26",3000,0,"T","Soccer"
156702,"Fall 2025",2025,5637,"Athletic Mens Baseball 25-26",3500,0,"T","Baseball"
156767,"Fall 2025",2025,5637,"Athletic Mens Baseball 25-26",4000,0,"T","Baseball"
141416,"MAST Fall 2025",2025,5709,"Athletic Women's Soccer 25-26",7500,0,"T","Soccer"
134506,"Fall 2024",2024,5351,"Athletic Mens Baseball 24-25",5000,0,"T","Baseball"
136330,"Fall 2024",2024,5353,"Athletic Men Track/Field 24-25",3158,0,"T","Track & Field"
136553,"Fall 2024",2024,5351,"Athletic Mens Baseball 24-25",4000,0,"T","Baseball"
136802,"Fall 2024",2024,5351,"Athletic Mens Baseball 24-25",3500,0,"T","Baseball"
136831,"Fall 2024",2024,5350,"Athletic Women's Vball 24-25",3250,0,"T","Volleyball"
136880,"Fall 2024",2024,5351,"Athletic Mens Baseball 24-25",5000,0,"T","Baseball"
136886,"Fall 2024",2024,5350,"Athletic Women's Vball 24-25",3000,0,"T","Volleyball"
136927,"Fall 2024",2024,5353,"Athletic Men Track/Field 24-25",1250,0,"T","Track & Field"
138582,"Fall 2024",2024,5348,"Athletic Mens Basketball 24-25",5000,0,"T","Basketball"
142126,"Fall 2024",2024,5351,"Athletic Mens Baseball 24-25",2000,0,"T","Baseball"
142135,"Fall 2024",2024,5348,"Athletic Mens Basketball 24-25",3250,0,"T","Basketball"
144924,"Fall 2024",2024,5351,"Athletic Mens Baseball 24-25",7500,0,"T","Baseball"
145064,"Fall 2024",2024,5351,"Athletic Mens Baseball 24-25",3500,0,"T","Baseball"
145310,"Fall 2024",2024,5350,"Athletic Women's Vball 24-25",3000,0,"T","Volleyball"
146098,"Fall 2024",2024,5352,"Athletic Mens Soccer 24-25",3250,0,"T","Soccer"
146767,"Fall 2024",2024,5353,"Athletic Men Track/Field 24-25",2750,0,"T","Track & Field"
146784,"Fall 2024",2024,5348,"Athletic Mens Basketball 24-25",250,0,"T","Basketball"
146798,"Fall 2024",2024,5348,"Athletic Mens Basketball 24-25",3250,0,"T","Basketball"
146836,"Fall 2024",2024,5351,"Athletic Mens Baseball 24-25",3500,0,"T","Baseball"
146891,"Fall 2024",2024,5350,"Athletic Women's Vball 24-25",3500,0,"T","Volleyball"
146927,"Fall 2024",2024,5353,"Athletic Men Track/Field 24-25",1500,0,"T","Track & Field"
146963,"Fall 2024",2024,5350,"Athletic Women's Vball 24-25",3250,0,"T","Volleyball"
146976,"Fall 2024",2024,5348,"Athletic Mens Basketball 24-25",3250,0,"T","Basketball"
147079,"Fall 2024",2024,5348,"Athletic Mens Basketball 24-25",2750,0,"T","Basketball"
147108,"Fall 2024",2024,5351,"Athletic Mens Baseball 24-25",2000,0,"T","Baseball"
147410,"Fall 2024",2024,5352,"Athletic Mens Soccer 24-25",3250,0,"T","Soccer"
149681,"Fall 2024",2024,5352,"Athletic Mens Soccer 24-25",3250,0,"T","Soccer"
150063,"Fall 2024",2024,5423,"Athletic Women's Soccer 24-25",3250,0,"T","Soccer"
150098,"Fall 2024",2024,5348,"Athletic Mens Basketball 24-25",2250,0,"T","Basketball"
150169,"Fall 2024",2024,5351,"Athletic Mens Baseball 24-25",3500,0,"T","Baseball"
150293,"Fall 2024",2024,5350,"Athletic Women's Vball 24-25",3249,0,"T","Volleyball"
150544,"Fall 2024",2024,5350,"Athletic Women's Vball 24-25",5000,0,"T","Volleyball"
150598,"Fall 2024",2024,5350,"Athletic Women's Vball 24-25",3000,0,"T","Volleyball"
150663,"Fall 2024",2024,5350,"Athletic Women's Vball 24-25",2250,0,"T","Volleyball"
150721,"Fall 2024",2024,5350,"Athletic Women's Vball 24-25",2250,0,"T","Volleyball"
150731,"Fall 2024",2024,5352,"Athletic Mens Soccer 24-25",3000,0,"T","Soccer"
150733,"Fall 2024",2024,5351,"Athletic Mens Baseball 24-25",2000,0,"T","Baseball"
150742,"Fall 2024",2024,5352,"Athletic Mens Soccer 24-25",4652,0,"T","Soccer"
150749,"Fall 2024",2024,5352,"Athletic Mens Soccer 24-25",2750,0,"T","Soccer"
150782,"Fall 2024",2024,5351,"Athletic Mens Baseball 24-25",0,0,"T","Baseball"
150853,"Fall 2024",2024,5351,"Athletic Mens Baseball 24-25",0,0,"T","Baseball"
150856,"Fall 2024",2024,5350,"Athletic Women's Vball 24-25",8750,0,"T","Volleyball"
150857,"Fall 2024",2024,5350,"Athletic Women's Vball 24-25",3610,0,"T","Volleyball"
150945,"Fall 2024",2024,5350,"Athletic Women's Vball 24-25",3350,0,"T","Volleyball"
150946,"Fall 2024",2024,5350,"Athletic Women's Vball 24-25",8750,0,"T","Volleyball"
151023,"Fall 2024",2024,5352,"Athletic Mens Soccer 24-25",3000,0,"T","Soccer"
151056,"Fall 2024",2024,5351,"Athletic Mens Baseball 24-25",8750,0,"T","Baseball"
134506,"Spring 2025",2024,5351,"Athletic Mens Baseball 24-25",5000,0,"T","Baseball"
136553,"Spring 2025",2024,5351,"Athletic Mens Baseball 24-25",4000,0,"T","Baseball"
136802,"Spring 2025",2024,5351,"Athletic Mens Baseball 24-25",3500,0,"T","Baseball"
136831,"Spring 2025",2024,5350,"Athletic Women's Vball 24-25",3250,0,"T","Volleyball"
136880,"Spring 2025",2024,5351,"Athletic Mens Baseball 24-25",5000,0,"T","Baseball"
136886,"Spring 2025",2024,5350,"Athletic Women's Vball 24-25",3000,0,"T","Volleyball"
136927,"Spring 2025",2024,5353,"Athletic Men Track/Field 24-25",1250,0,"T","Track & Field"
138582,"Spring 2025",2024,5348,"Athletic Mens Basketball 24-25",5000,0,"T","Basketball"
140486,"Spring 2025",2024,5353,"Athletic Men Track/Field 24-25",3718,0,"T","Track & Field"
142126,"Spring 2025",2024,5351,"Athletic Mens Baseball 24-25",0,0,"T","Baseball"
142135,"Spring 2025",2024,5348,"Athletic Mens Basketball 24-25",3250,0,"T","Basketball"
144924,"Spring 2025",2024,5351,"Athletic Mens Baseball 24-25",7500,0,"T","Baseball"
145064,"Spring 2025",2024,5351,"Athletic Mens Baseball 24-25",3500,0,"T","Baseball"
145310,"Spring 2025",2024,5350,"Athletic Women's Vball 24-25",3000,0,"T","Volleyball"
146098,"Spring 2025",2024,5352,"Athletic Mens Soccer 24-25",3250,0,"T","Soccer"
146767,"Spring 2025",2024,5353,"Athletic Men Track/Field 24-25",2750,0,"T","Track & Field"
146784,"Spring 2025",2024,5348,"Athletic Mens Basketball 24-25",110,0,"T","Basketball"
146798,"Spring 2025",2024,5348,"Athletic Mens Basketball 24-25",3250,0,"T","Basketball"
146836,"Spring 2025",2024,5351,"Athletic Mens Baseball 24-25",3500,0,"T","Baseball"
146891,"Spring 2025",2024,5350,"Athletic Women's Vball 24-25",3500,0,"T","Volleyball"
146927,"Spring 2025",2024,5353,"Athletic Men Track/Field 24-25",1500,0,"T","Track & Field"
146963,"Spring 2025",2024,5350,"Athletic Women's Vball 24-25",3250,0,"T","Volleyball"
146976,"Spring 2025",2024,5348,"Athletic Mens Basketball 24-25",3250,0,"T","Basketball"
147079,"Spring 2025",2024,5348,"Athletic Mens Basketball 24-25",2750,0,"T","Basketball"
147108,"Spring 2025",2024,5351,"Athletic Mens Baseball 24-25",2000,0,"T","Baseball"
147410,"Spring 2025",2024,5352,"Athletic Mens Soccer 24-25",0,0,"T","Soccer"
149681,"Spring 2025",2024,5352,"Athletic Mens Soccer 24-25",3250,0,"T","Soccer"
150063,"Spring 2025",2024,5423,"Athletic Women's Soccer 24-25",3250,0,"T","Soccer"
150098,"Spring 2025",2024,5348,"Athletic Mens Basketball 24-25",2250,0,"T","Basketball"
150293,"Spring 2025",2024,5350,"Athletic Women's Vball 24-25",3251,0,"T","Volleyball"
150544,"Spring 2025",2024,5350,"Athletic Women's Vball 24-25",5000,0,"T","Volleyball"
150598,"Spring 2025",2024,5350,"Athletic Women's Vball 24-25",3000,0,"T","Volleyball"
150663,"Spring 2025",2024,5350,"Athletic Women's Vball 24-25",2250,0,"T","Volleyball"
150721,"Spring 2025",2024,5350,"Athletic Women's Vball 24-25",2250,0,"T","Volleyball"
150731,"Spring 2025",2024,5352,"Athletic Mens Soccer 24-25",3000,0,"T","Soccer"
150733,"Spring 2025",2024,5351,"Athletic Mens Baseball 24-25",2000,0,"T","Baseball"
150742,"Spring 2025",2024,5352,"Athletic Mens Soccer 24-25",4653,0,"T","Soccer"
150749,"Spring 2025",2024,5352,"Athletic Mens Soccer 24-25",2750,0,"T","Soccer"
150856,"Spring 2025",2024,5350,"Athletic Women's Vball 24-25",8750,0,"T","Volleyball"
150857,"Spring 2025",2024,5350,"Athletic Women's Vball 24-25",3600,0,"T","Volleyball"
150945,"Spring 2025",2024,5350,"Athletic Women's Vball 24-25",3350,0,"T","Volleyball"
150946,"Spring 2025",2024,5350,"Athletic Women's Vball 24-25",8750,0,"T","Volleyball"
151023,"Spring 2025",2024,5352,"Athletic Mens Soccer 24-25",3000,0,"T","Soccer"
151056,"Spring 2025",2024,5351,"Athletic Mens Baseball 24-25",8750,0,"T","Baseball"
152441,"Spring 2025",2024,5352,"Athletic Mens Soccer 24-25",5000,0,"T","Soccer"
152524,"Spring 2025",2024,5423,"Athletic Women's Soccer 24-25",3000,0,"T","Soccer"
130136,"Fall 2023",2023,5066,"Athletic Women's Vball 23-24",4127,0,"T","Volleyball"
134506,"Fall 2023",2023,5067,"Athletic Mens Baseball 23-24",7000,0,"T","Baseball"
136330,"Fall 2023",2023,5069,"Athletic Men Track/Field 23-24",3500,0,"T","Track & Field"
136553,"Fall 2023",2023,5067,"Athletic Mens Baseball 23-24",4500,0,"T","Baseball"
136802,"Fall 2023",2023,5067,"Athletic Mens Baseball 23-24",4000,0,"T","Baseball"
136831,"Fall 2023",2023,5066,"Athletic Women's Vball 23-24",3250,0,"T","Volleyball"
136880,"Fall 2023",2023,5067,"Athletic Mens Baseball 23-24",4000,0,"T","Baseball"
136886,"Fall 2023",2023,5066,"Athletic Women's Vball 23-24",4500,0,"T","Volleyball"
136927,"Fall 2023",2023,5069,"Athletic Men Track/Field 23-24",1000,0,"T","Track & Field"
137251,"Fall 2023",2023,5067,"Athletic Mens Baseball 23-24",2000,0,"T","Baseball"
138582,"Fall 2023",2023,5064,"Athletic Mens Basketball 23-24",5000,0,"T","Basketball"
139443,"Fall 2023",2023,5066,"Athletic Women's Vball 23-24",1555,0,"T","Volleyball"
141416,"Fall 2023",2023,5139,"Athletic Women's Soccer 23-24",2384,0,"T","Soccer"
141428,"Fall 2023",2023,5068,"Athletic Mens Soccer 23-24",2150,0,"T","Soccer"
141557,"Fall 2023",2023,5068,"Athletic Mens Soccer 23-24",1631,0,"T","Soccer"
142050,"Fall 2023",2023,5067,"Athletic Mens Baseball 23-24",3500,0,"T","Baseball"
142126,"Fall 2023",2023,5067,"Athletic Mens Baseball 23-24",3000,0,"T","Baseball"
142135,"Fall 2023",2023,5064,"Athletic Mens Basketball 23-24",3250,0,"T","Basketball"
142179,"Fall 2023",2023,5068,"Athletic Mens Soccer 23-24",3250,0,"T","Soccer"
142188,"Fall 2023",2023,5064,"Athletic Mens Basketball 23-24",6500,0,"T","Basketball"
142206,"Fall 2023",2023,5064,"Athletic Mens Basketball 23-24",6500,0,"T","Basketball"
142530,"Fall 2023",2023,5066,"Athletic Women's Vball 23-24",1250,0,"T","Volleyball"
143112,"Fall 2023",2023,5066,"Athletic Women's Vball 23-24",431,0,"T","Volleyball"
143922,"Fall 2023",2023,5067,"Athletic Mens Baseball 23-24",3000,0,"T","Baseball"
144047,"Fall 2023",2023,5069,"Athletic Men Track/Field 23-24",3500,0,"T","Track & Field"
144924,"Fall 2023",2023,5067,"Athletic Mens Baseball 23-24",8500,0,"T","Baseball"
145310,"Fall 2023",2023,5066,"Athletic Women's Vball 23-24",1750,0,"T","Volleyball"
145533,"Fall 2023",2023,5069,"Athletic Men Track/Field 23-24",1500,0,"T","Track & Field"
145534,"Fall 2023",2023,5069,"Athletic Men Track/Field 23-24",2000,0,"T","Track & Field"
145582,"Fall 2023",2023,5064,"Athletic Mens Basketball 23-24",2750,0,"T","Basketball"
146098,"Fall 2023",2023,5068,"Athletic Mens Soccer 23-24",3250,0,"T","Soccer"
146574,"Fall 2023",2023,5069,"Athletic Men Track/Field 23-24",1500,0,"T","Track & Field"
146692,"Fall 2023",2023,5064,"Athletic Mens Basketball 23-24",2352,0,"T","Basketball"
146738,"Fall 2023",2023,5069,"Athletic Men Track/Field 23-24",2900,0,"T","Track & Field"
146767,"Fall 2023",2023,5069,"Athletic Men Track/Field 23-24",2750,0,"T","Track & Field"
146784,"Fall 2023",2023,5064,"Athletic Mens Basketball 23-24",2748,0,"T","Basketball"
146798,"Fall 2023",2023,5064,"Athletic Mens Basketball 23-24",3250,0,"T","Basketball"
146811,"Fall 2023",2023,5067,"Athletic Mens Baseball 23-24",3000,0,"T","Baseball"
146856,"Fall 2023",2023,5069,"Athletic Men Track/Field 23-24",3250,0,"T","Track & Field"
146927,"Fall 2023",2023,5069,"Athletic Men Track/Field 23-24",2000,0,"T","Track & Field"
146939,"Fall 2023",2023,5069,"Athletic Men Track/Field 23-24",0,0,"T","Track & Field"
146976,"Fall 2023",2023,5064,"Athletic Mens Basketball 23-24",3250,0,"T","Basketball"
147025,"Fall 2023",2023,5069,"Athletic Men Track/Field 23-24",2000,0,"T","Track & Field"
147038,"Fall 2023",2023,5067,"Athletic Mens Baseball 23-24",2000,0,"T","Baseball"
147046,"Fall 2023",2023,5066,"Athletic Women's Vball 23-24",3000,0,"T","Volleyball"
147066,"Fall 2023",2023,5067,"Athletic Mens Baseball 23-24",2000,0,"T","Baseball"
147076,"Fall 2023",2023,5067,"Athletic Mens Baseball 23-24",2000,0,"T","Baseball"
147079,"Fall 2023",2023,5064,"Athletic Mens Basketball 23-24",2750,0,"T","Basketball"
130136,"Spring 2024",2023,5066,"Athletic Women's Vball 23-24",3128,0,"T","Volleyball"
134263,"Spring 2024",2023,5067,"Athletic Mens Baseball 23-24",4000,0,"T","Baseball"
134506,"Spring 2024",2023,5067,"Athletic Mens Baseball 23-24",7000,0,"T","Baseball"
136330,"Spring 2024",2023,5069,"Athletic Men Track/Field 23-24",3500,0,"T","Track & Field"
136553,"Spring 2024",2023,5067,"Athletic Mens Baseball 23-24",4500,0,"T","Baseball"
136684,"Spring 2024",2023,5067,"Athletic Mens Baseball 23-24",4000,0,"T","Baseball"
136802,"Spring 2024",2023,5067,"Athletic Mens Baseball 23-24",4000,0,"T","Baseball"
136831,"Spring 2024",2023,5066,"Athletic Women's Vball 23-24",3250,0,"T","Volleyball"
136880,"Spring 2024",2023,5067,"Athletic Mens Baseball 23-24",4000,0,"T","Baseball"
136886,"Spring 2024",2023,5066,"Athletic Women's Vball 23-24",3050,0,"T","Volleyball"
136927,"Spring 2024",2023,5069,"Athletic Men Track/Field 23-24",1000,0,"T","Track & Field"
137251,"Spring 2024",2023,5067,"Athletic Mens Baseball 23-24",2000,0,"T","Baseball"
138582,"Spring 2024",2023,5064,"Athletic Mens Basketball 23-24",5000,0,"T","Basketball"
139443,"Spring 2024",2023,5066,"Athletic Women's Vball 23-24",1555,0,"T","Volleyball"
141351,"Spring 2024",2023,5068,"Athletic Mens Soccer 23-24",3000,0,"T","Soccer"
141416,"Spring 2024",2023,5139,"Athletic Women's Soccer 23-24",2385,0,"T","Soccer"
141428,"Spring 2024",2023,5068,"Athletic Mens Soccer 23-24",2150,0,"T","Soccer"
141557,"Spring 2024",2023,5068,"Athletic Mens Soccer 23-24",1630,0,"T","Soccer"
141930,"Spring 2024",2023,5066,"Athletic Women's Vball 23-24",3000,0,"T","Volleyball"
142098,"Spring 2024",2023,5069,"Athletic Men Track/Field 23-24",2699,0,"T","Track & Field"
142126,"Spring 2024",2023,5067,"Athletic Mens Baseball 23-24",3000,0,"T","Baseball"
142135,"Spring 2024",2023,5064,"Athletic Mens Basketball 23-24",3250,0,"T","Basketball"
142179,"Spring 2024",2023,5068,"Athletic Mens Soccer 23-24",3250,0,"T","Soccer"
142188,"Spring 2024",2023,5064,"Athletic Mens Basketball 23-24",6500,0,"T","Basketball"
142206,"Spring 2024",2023,5064,"Athletic Mens Basketball 23-24",6500,0,"T","Basketball"
142530,"Spring 2024",2023,5066,"Athletic Women's Vball 23-24",1250,0,"T","Volleyball"
142551,"Spring 2024",2023,5067,"Athletic Mens Baseball 23-24",3972,0,"T","Baseball"
143112,"Spring 2024",2023,5066,"Athletic Women's Vball 23-24",564,0,"T","Volleyball"
143922,"Spring 2024",2023,5067,"Athletic Mens Baseball 23-24",3000,0,"T","Baseball"
144047,"Spring 2024",2023,5069,"Athletic Men Track/Field 23-24",3500,0,"T","Track & Field"
144104,"Spring 2024",2023,5069,"Athletic Men Track/Field 23-24",3000,0,"T","Track & Field"
144924,"Spring 2024",2023,5067,"Athletic Mens Baseball 23-24",8500,0,"T","Baseball"
145310,"Spring 2024",2023,5066,"Athletic Women's Vball 23-24",3000,0,"T","Volleyball"
145533,"Spring 2024",2023,5069,"Athletic Men Track/Field 23-24",1500,0,"T","Track & Field"
145534,"Spring 2024",2023,5069,"Athletic Men Track/Field 23-24",2000,0,"T","Track & Field"
145582,"Spring 2024",2023,5064,"Athletic Mens Basketball 23-24",2750,0,"T","Basketball"
146098,"Spring 2024",2023,5068,"Athletic Mens Soccer 23-24",3250,0,"T","Soccer"
146692,"Spring 2024",2023,5064,"Athletic Mens Basketball 23-24",2353,0,"T","Basketball"
146738,"Spring 2024",2023,5069,"Athletic Men Track/Field 23-24",2900,0,"T","Track & Field"
146767,"Spring 2024",2023,5069,"Athletic Men Track/Field 23-24",2750,0,"T","Track & Field"
146784,"Spring 2024",2023,5064,"Athletic Mens Basketball 23-24",2750,0,"T","Basketball"
146798,"Spring 2024",2023,5064,"Athletic Mens Basketball 23-24",3250,0,"T","Basketball"
146811,"Spring 2024",2023,5067,"Athletic Mens Baseball 23-24",3000,0,"T","Baseball"
146856,"Spring 2024",2023,5069,"Athletic Men Track/Field 23-24",3250,0,"T","Track & Field"
146927,"Spring 2024",2023,5069,"Athletic Men Track/Field 23-24",2000,0,"T","Track & Field"
146976,"Spring 2024",2023,5064,"Athletic Mens Basketball 23-24",3250,0,"T","Basketball"
146992,"Spring 2024",2023,5069,"Athletic Men Track/Field 23-24",2200,0,"T","Track & Field"
147025,"Spring 2024",2023,5069,"Athletic Men Track/Field 23-24",2000,0,"T","Track & Field"
147035,"Spring 2024",2023,5067,"Athletic Mens Baseball 23-24",5000,0,"T","Baseball"
147038,"Spring 2024",2023,5067,"Athletic Mens Baseball 23-24",2000,0,"T","Baseball"
147046,"Spring 2024",2023,5066,"Athletic Women's Vball 23-24",3000,0,"T","Volleyball"
147066,"Spring 2024",2023,5067,"Athletic Mens Baseball 23-24",2000,0,"T","Baseball"
147076,"Spring 2024",2023,5067,"Athletic Mens Baseball 23-24",2000,0,"T","Baseball"
147079,"Spring 2024",2023,5064,"Athletic Mens Basketball 23-24",2750,0,"T","Basketball"
147410,"Spring 2024",2023,5068,"Athletic Mens Soccer 23-24",3250,0,"T","Soccer"
147629,"Spring 2024",2023,5068,"Athletic Mens Soccer 23-24",3500,0,"T","Soccer"
147667,"Spring 2024",2023,5067,"Athletic Mens Baseball 23-24",4500,0,"T","Baseball"
110753,"Fall 2022",2022,4787,"Athletic Mens Baseball 22-23",3500,0,"T","Baseball"
124824,"Fall 2022",2022,4789,"Athletic Men Track/Field 22-23",3250,0,"T","Track & Field"
125454,"Fall 2022",2022,4786,"Athletic Women's Vball 22-23",6000,0,"T","Volleyball"
127641,"Fall 2022",2022,4786,"Athletic Women's Vball 22-23",5000,0,"T","Volleyball"
128696,"Fall 2022",2022,4789,"Athletic Men Track/Field 22-23",0,0,"T","Track & Field"
129042,"Fall 2022",2022,4784,"Athletic Mens Basketball 22-23",2000,0,"T","Basketball"
134314,"Fall 2022",2022,4784,"Athletic Mens Basketball 22-23",2750,0,"T","Basketball"
134316,"Fall 2022",2022,4784,"Athletic Mens Basketball 22-23",1750,0,"T","Basketball"
134322,"Fall 2022",2022,4786,"Athletic Women's Vball 22-23",422,0,"T","Volleyball"
134323,"Fall 2022",2022,4784,"Athletic Mens Basketball 22-23",4500,0,"T","Basketball"
134325,"Fall 2022",2022,4784,"Athletic Mens Basketball 22-23",2250,0,"T","Basketball"
134506,"Fall 2022",2022,4787,"Athletic Mens Baseball 22-23",4500,0,"T","Baseball"
135317,"Fall 2022",2022,4786,"Athletic Women's Vball 22-23",5000,0,"T","Volleyball"
135495,"Fall 2022",2022,4787,"Athletic Mens Baseball 22-23",2000,0,"T","Baseball"
136330,"Fall 2022",2022,4789,"Athletic Men Track/Field 22-23",3500,0,"T","Track & Field"
136684,"Fall 2022",2022,4787,"Athletic Mens Baseball 22-23",2743,0,"T","Baseball"
136766,"Fall 2022",2022,4789,"Athletic Men Track/Field 22-23",375,0,"T","Track & Field"
136784,"Fall 2022",2022,4787,"Athletic Mens Baseball 22-23",7251,0,"T","Baseball"
136802,"Fall 2022",2022,4787,"Athletic Mens Baseball 22-23",4000,0,"T","Baseball"
136831,"Fall 2022",2022,4786,"Athletic Women's Vball 22-23",1800,0,"T","Volleyball"
136838,"Fall 2022",2022,4787,"Athletic Mens Baseball 22-23",2000,0,"T","Baseball"
136859,"Fall 2022",2022,4784,"Athletic Mens Basketball 22-23",2067,0,"T","Basketball"
136880,"Fall 2022",2022,4787,"Athletic Mens Baseball 22-23",5534,0,"T","Baseball"
136886,"Fall 2022",2022,4786,"Athletic Women's Vball 22-23",4500,0,"T","Volleyball"
136927,"Fall 2022",2022,4789,"Athletic Men Track/Field 22-23",500,0,"T","Track & Field"
136957,"Fall 2022",2022,4787,"Athletic Mens Baseball 22-23",2000,0,"T","Baseball"
137440,"Fall 2022",2022,4786,"Athletic Women's Vball 22-23",5000,0,"T","Volleyball"
137653,"Fall 2022",2022,4787,"Athletic Mens Baseball 22-23",4000,0,"T","Baseball"
138582,"Fall 2022",2022,4784,"Athletic Mens Basketball 22-23",5250,0,"T","Basketball"
139144,"Fall 2022",2022,4789,"Athletic Men Track/Field 22-23",3000,0,"T","Track & Field"
139443,"Fall 2022",2022,4786,"Athletic Women's Vball 22-23",2000,0,"T","Volleyball"
140558,"Fall 2022",2022,4786,"Athletic Women's Vball 22-23",3000,0,"T","Volleyball"
140773,"Fall 2022",2022,4786,"Athletic Women's Vball 22-23",5000,0,"T","Volleyball"
140935,"Fall 2022",2022,4784,"Athletic Mens Basketball 22-23",4500,0,"T","Basketball"
141165,"Fall 2022",2022,4787,"Athletic Mens Baseball 22-23",3500,0,"T","Baseball"
141296,"Fall 2022",2022,4789,"Athletic Men Track/Field 22-23",2000,0,"T","Track & Field"
141300,"Fall 2022",2022,4789,"Athletic Men Track/Field 22-23",3652,0,"T","Track & Field"
141370,"Fall 2022",2022,4787,"Athletic Mens Baseball 22-23",3000,0,"T","Baseball"
141787,"Fall 2022",2022,4787,"Athletic Mens Baseball 22-23",2000,0,"T","Baseball"
141821,"Fall 2022",2022,4784,"Athletic Mens Basketball 22-23",1500,0,"T","Basketball"
141983,"Fall 2022",2022,4784,"Athletic Mens Basketball 22-23",5102,0,"T","Basketball"
142033,"Fall 2022",2022,4784,"Athletic Mens Basketball 22-23",5250,0,"T","Basketball"
142050,"Fall 2022",2022,4787,"Athletic Mens Baseball 22-23",4500,0,"T","Baseball"
142135,"Fall 2022",2022,4784,"Athletic Mens Basketball 22-23",2750,0,"T","Basketball"
142188,"Fall 2022",2022,4784,"Athletic Mens Basketball 22-23",7750,0,"T","Basketball"
142206,"Fall 2022",2022,4784,"Athletic Mens Basketball 22-23",7750,0,"T","Basketball"
142292,"Fall 2022",2022,4787,"Athletic Mens Baseball 22-23",3000,0,"T","Baseball"
124824,"Spring 2023",2022,4789,"Athletic Men Track/Field 22-23",3250,0,"T","Track & Field"
127641,"Spring 2023",2022,4786,"Athletic Women's Vball 22-23",5000,0,"T","Volleyball"
128696,"Spring 2023",2022,4789,"Athletic Men Track/Field 22-23",0,0,"T","Track & Field"
129042,"Spring 2023",2022,4784,"Athletic Mens Basketball 22-23",2000,0,"T","Basketball"
130136,"Spring 2023",2022,4786,"Athletic Women's Vball 22-23",4001,0,"T","Volleyball"
134263,"Spring 2023",2022,4787,"Athletic Mens Baseball 22-23",500,0,"T","Baseball"
134314,"Spring 2023",2022,4784,"Athletic Mens Basketball 22-23",2750,0,"T","Basketball"
134316,"Spring 2023",2022,4784,"Athletic Mens Basketball 22-23",1750,0,"T","Basketball"
134323,"Spring 2023",2022,4784,"Athletic Mens Basketball 22-23",4500,0,"T","Basketball"
134325,"Spring 2023",2022,4784,"Athletic Mens Basketball 22-23",2250,0,"T","Basketball"
134506,"Spring 2023",2022,4787,"Athletic Mens Baseball 22-23",4500,0,"T","Baseball"
135495,"Spring 2023",2022,4787,"Athletic Mens Baseball 22-23",2000,0,"T","Baseball"
136330,"Spring 2023",2022,4789,"Athletic Men Track/Field 22-23",3500,0,"T","Track & Field"
136553,"Spring 2023",2022,4787,"Athletic Mens Baseball 22-23",796,0,"T","Baseball"
136684,"Spring 2023",2022,4787,"Athletic Mens Baseball 22-23",4000,0,"T","Baseball"
136766,"Spring 2023",2022,4789,"Athletic Men Track/Field 22-23",375,0,"T","Track & Field"
136802,"Spring 2023",2022,4787,"Athletic Mens Baseball 22-23",4000,0,"T","Baseball"
136831,"Spring 2023",2022,4786,"Athletic Women's Vball 22-23",1800,0,"T","Volleyball"
136838,"Spring 2023",2022,4787,"Athletic Mens Baseball 22-23",2000,0,"T","Baseball"
136859,"Spring 2023",2022,4784,"Athletic Mens Basketball 22-23",2066,0,"T","Basketball"
136880,"Spring 2023",2022,4787,"Athletic Mens Baseball 22-23",5534,0,"T","Baseball"
136886,"Spring 2023",2022,4786,"Athletic Women's Vball 22-23",4500,0,"T","Volleyball"
136927,"Spring 2023",2022,4789,"Athletic Men Track/Field 22-23",500,0,"T","Track & Field"
136957,"Spring 2023",2022,4787,"Athletic Mens Baseball 22-23",2000,0,"T","Baseball"
137440,"Spring 2023",2022,4786,"Athletic Women's Vball 22-23",5000,0,"T","Volleyball"
138582,"Spring 2023",2022,4784,"Athletic Mens Basketball 22-23",5250,0,"T","Basketball"
139144,"Spring 2023",2022,4789,"Athletic Men Track/Field 22-23",3000,0,"T","Track & Field"
139443,"Spring 2023",2022,4786,"Athletic Women's Vball 22-23",2000,0,"T","Volleyball"
141165,"Spring 2023",2022,4787,"Athletic Mens Baseball 22-23",3500,0,"T","Baseball"
141296,"Spring 2023",2022,4789,"Athletic Men Track/Field 22-23",2000,0,"T","Track & Field"
141370,"Spring 2023",2022,4787,"Athletic Mens Baseball 22-23",3000,0,"T","Baseball"
141787,"Spring 2023",2022,4787,"Athletic Mens Baseball 22-23",2000,0,"T","Baseball"
141821,"Spring 2023",2022,4784,"Athletic Mens Basketball 22-23",1500,0,"T","Basketball"
141983,"Spring 2023",2022,4784,"Athletic Mens Basketball 22-23",5103,0,"T","Basketball"
142033,"Spring 2023",2022,4784,"Athletic Mens Basketball 22-23",5250,0,"T","Basketball"
142050,"Spring 2023",2022,4787,"Athletic Mens Baseball 22-23",4500,0,"T","Baseball"
142135,"Spring 2023",2022,4784,"Athletic Mens Basketball 22-23",2750,0,"T","Basketball"
142188,"Spring 2023",2022,4784,"Athletic Mens Basketball 22-23",7750,0,"T","Basketball"
142206,"Spring 2023",2022,4784,"Athletic Mens Basketball 22-23",7750,0,"T","Basketball"
144924,"Spring 2023",2022,4784,"Athletic Mens Basketball 22-23",5000,0,"T","Basketball"
121995,"Fall 2021",2021,4522,"Athletic Men Track/Field 21-22",7750,0,"T","Track & Field"
122512,"Fall 2021",2021,4520,"Athletic Mens Baseball 21-22",4000,0,"T","Baseball"
124824,"Fall 2021",2021,4522,"Athletic Men Track/Field 21-22",2750,0,"T","Track & Field"
126128,"Fall 2021",2021,4520,"Athletic Mens Baseball 21-22",3000,0,"T","Baseball"
126315,"Fall 2021",2021,4520,"Athletic Mens Baseball 21-22",0,0,"T","Baseball"
126460,"Fall 2021",2021,4520,"Athletic Mens Baseball 21-22",3000,0,"T","Baseball"
127641,"Fall 2021",2021,4519,"Athletic Women's Vball 21-22",5000,0,"T","Volleyball"
128044,"Fall 2021",2021,4519,"Athletic Women's Vball 21-22",3100,0,"T","Volleyball"
128381,"Fall 2021",2021,4519,"Athletic Women's Vball 21-22",7750,0,"T","Volleyball"
128742,"Fall 2021",2021,4517,"Athletic Mens Basketball 21-22",5000,0,"T","Basketball"
129041,"Fall 2021",2021,4517,"Athletic Mens Basketball 21-22",5000,0,"T","Basketball"
129091,"Fall 2021",2021,4517,"Athletic Mens Basketball 21-22",5000,0,"T","Basketball"
129146,"Fall 2021",2021,4522,"Athletic Men Track/Field 21-22",8750,0,"T","Track & Field"
134314,"Fall 2021",2021,4517,"Athletic Mens Basketball 21-22",4250,0,"T","Basketball"
134316,"Fall 2021",2021,4517,"Athletic Mens Basketball 21-22",2616,0,"T","Basketball"
134322,"Fall 2021",2021,4519,"Athletic Women's Vball 21-22",3150,0,"T","Volleyball"
134323,"Fall 2021",2021,4517,"Athletic Mens Basketball 21-22",4500,0,"T","Basketball"
134325,"Fall 2021",2021,4517,"Athletic Mens Basketball 21-22",702,0,"T","Basketball"
134328,"Fall 2021",2021,4517,"Athletic Mens Basketball 21-22",4000,0,"T","Basketball"
134357,"Fall 2021",2021,4517,"Athletic Mens Basketball 21-22",6000,0,"T","Basketball"
134506,"Fall 2021",2021,4520,"Athletic Mens Baseball 21-22",4629,0,"T","Baseball"
134752,"Fall 2021",2021,4520,"Athletic Mens Baseball 21-22",3000,0,"T","Baseball"
135317,"Fall 2021",2021,4519,"Athletic Women's Vball 21-22",5000,0,"T","Volleyball"
135972,"Fall 2021",2021,4522,"Athletic Men Track/Field 21-22",600,0,"T","Track & Field"
136330,"Fall 2021",2021,4522,"Athletic Men Track/Field 21-22",0,0,"T","Track & Field"
136416,"Fall 2021",2021,4520,"Athletic Mens Baseball 21-22",3000,0,"T","Baseball"
136454,"Fall 2021",2021,4520,"Athletic Mens Baseball 21-22",3000,0,"T","Baseball"
136624,"Fall 2021",2021,4520,"Athletic Mens Baseball 21-22",3000,0,"T","Baseball"
136684,"Fall 2021",2021,4520,"Athletic Mens Baseball 21-22",4000,0,"T","Baseball"
136688,"Fall 2021",2021,4520,"Athletic Mens Baseball 21-22",3000,0,"T","Baseball"
136701,"Fall 2021",2021,4520,"Athletic Mens Baseball 21-22",2000,0,"T","Baseball"
136711,"Fall 2021",2021,4517,"Athletic Mens Basketball 21-22",7227,0,"T","Basketball"
136802,"Fall 2021",2021,4520,"Athletic Mens Baseball 21-22",5000,0,"T","Baseball"
136827,"Fall 2021",2021,4519,"Athletic Women's Vball 21-22",6028,0,"T","Volleyball"
136838,"Fall 2021",2021,4520,"Athletic Mens Baseball 21-22",2000,0,"T","Baseball"
136880,"Fall 2021",2021,4520,"Athletic Mens Baseball 21-22",3065,0,"T","Baseball"
136886,"Fall 2021",2021,4519,"Athletic Women's Vball 21-22",4500,0,"T","Volleyball"
136941,"Fall 2021",2021,4517,"Athletic Mens Basketball 21-22",1500,0,"T","Basketball"
137110,"Fall 2021",2021,4520,"Athletic Mens Baseball 21-22",801,0,"T","Baseball"
137117,"Fall 2021",2021,4520,"Athletic Mens Baseball 21-22",801,0,"T","Baseball"
137373,"Fall 2021",2021,4517,"Athletic Mens Basketball 21-22",0,0,"T","Basketball"
137440,"Fall 2021",2021,4519,"Athletic Women's Vball 21-22",5000,0,"T","Volleyball"
137572,"Fall 2021",2021,4517,"Athletic Mens Basketball 21-22",7750,0,"T","Basketball"
121995,"Spring 2022",2021,4522,"Athletic Men Track/Field 21-22",7750,0,"T","Track & Field"
122512,"Spring 2022",2021,4520,"Athletic Mens Baseball 21-22",4000,0,"T","Baseball"
124824,"Spring 2022",2021,4522,"Athletic Men Track/Field 21-22",2750,0,"T","Track & Field"
126128,"Spring 2022",2021,4520,"Athletic Mens Baseball 21-22",3000,0,"T","Baseball"
126315,"Spring 2022",2021,4520,"Athletic Mens Baseball 21-22",0,0,"T","Baseball"
126460,"Spring 2022",2021,4520,"Athletic Mens Baseball 21-22",3000,0,"T","Baseball"
127641,"Spring 2022",2021,4519,"Athletic Women's Vball 21-22",5000,0,"T","Volleyball"
128044,"Spring 2022",2021,4519,"Athletic Women's Vball 21-22",3100,0,"T","Volleyball"
128381,"Spring 2022",2021,4519,"Athletic Women's Vball 21-22",7750,0,"T","Volleyball"
128742,"Spring 2022",2021,4517,"Athletic Mens Basketball 21-22",5000,0,"T","Basketball"
129041,"Spring 2022",2021,4517,"Athletic Mens Basketball 21-22",5000,0,"T","Basketball"
129091,"Spring 2022",2021,4517,"Athletic Mens Basketball 21-22",5000,0,"T","Basketball"
134314,"Spring 2022",2021,4517,"Athletic Mens Basketball 21-22",4250,0,"T","Basketball"
134316,"Spring 2022",2021,4517,"Athletic Mens Basketball 21-22",1017,0,"T","Basketball"
134322,"Spring 2022",2021,4519,"Athletic Women's Vball 21-22",3150,0,"T","Volleyball"
134323,"Spring 2022",2021,4517,"Athletic Mens Basketball 21-22",4500,0,"T","Basketball"
134325,"Spring 2022",2021,4517,"Athletic Mens Basketball 21-22",162,0,"T","Basketball"
134328,"Spring 2022",2021,4517,"Athletic Mens Basketball 21-22",4000,0,"T","Basketball"
134357,"Spring 2022",2021,4517,"Athletic Mens Basketball 21-22",6000,0,"T","Basketball"
134506,"Spring 2022",2021,4520,"Athletic Mens Baseball 21-22",4629,0,"T","Baseball"
134752,"Spring 2022",2021,4520,"Athletic Mens Baseball 21-22",3000,0,"T","Baseball"
135317,"Spring 2022",2021,4519,"Athletic Women's Vball 21-22",5000,0,"T","Volleyball"
135972,"Spring 2022",2021,4522,"Athletic Men Track/Field 21-22",600,0,"T","Track & Field"
136330,"Spring 2022",2021,4522,"Athletic Men Track/Field 21-22",0,0,"T","Track & Field"
136454,"Spring 2022",2021,4520,"Athletic Mens Baseball 21-22",3000,0,"T","Baseball"
136624,"Spring 2022",2021,4520,"Athletic Mens Baseball 21-22",3000,0,"T","Baseball"
136684,"Spring 2022",2021,4520,"Athletic Mens Baseball 21-22",4000,0,"T","Baseball"
136688,"Spring 2022",2021,4520,"Athletic Mens Baseball 21-22",3000,0,"T","Baseball"
136701,"Spring 2022",2021,4520,"Athletic Mens Baseball 21-22",2000,0,"T","Baseball"
136711,"Spring 2022",2021,4517,"Athletic Mens Basketball 21-22",7227,0,"T","Basketball"
136802,"Spring 2022",2021,4520,"Athletic Mens Baseball 21-22",5000,0,"T","Baseball"
136827,"Spring 2022",2021,4519,"Athletic Women's Vball 21-22",6028,0,"T","Volleyball"
136838,"Spring 2022",2021,4520,"Athletic Mens Baseball 21-22",2000,0,"T","Baseball"
136880,"Spring 2022",2021,4520,"Athletic Mens Baseball 21-22",5279,0,"T","Baseball"
136886,"Spring 2022",2021,4519,"Athletic Women's Vball 21-22",4500,0,"T","Volleyball"
136941,"Spring 2022",2021,4517,"Athletic Mens Basketball 21-22",1500,0,"T","Basketball"
137440,"Spring 2022",2021,4519,"Athletic Women's Vball 21-22",5000,0,"T","Volleyball"
137572,"Spring 2022",2021,4517,"Athletic Mens Basketball 21-22",7750,0,"T","Basketball"
138068,"Spring 2022",2021,4522,"Athletic Men Track/Field 21-22",2000,0,"T","Track & Field"
138582,"Spring 2022",2021,4517,"Athletic Mens Basketball 21-22",4350,0,"T","Basketball"
138582,"Spring 2022",2021,4522,"Athletic Men Track/Field 21-22",4400,0,"T","Track & Field"
12019,"Fall 2020",2020,4264,"Athletic Mens Baseball 20-21",3702,0,"T","Baseball"
114409,"Fall 2020",2020,4266,"Athletic Men Track/Field 20-21",1110,0,"T","Track & Field"
121713,"Fall 2020",2020,4264,"Athletic Mens Baseball 20-21",3000,0,"T","Baseball"
121995,"Fall 2020",2020,4266,"Athletic Men Track/Field 20-21",6750,0,"T","Track & Field"
124774,"Fall 2020",2020,4264,"Athletic Mens Baseball 20-21",2000,0,"T","Baseball"
124824,"Fall 2020",2020,4266,"Athletic Men Track/Field 20-21",2072,0,"T","Track & Field"
125984,"Fall 2020",2020,4263,"Athletic Women's Vball 20-21",1863,0,"T","Volleyball"
126128,"Fall 2020",2020,4264,"Athletic Mens Baseball 20-21",2000,0,"T","Baseball"
126315,"Fall 2020",2020,4264,"Athletic Mens Baseball 20-21",2000,0,"T","Baseball"
126460,"Fall 2020",2020,4264,"Athletic Mens Baseball 20-21",2000,0,"T","Baseball"
126619,"Fall 2020",2020,4266,"Athletic Men Track/Field 20-21",2162,0,"T","Track & Field"
126642,"Fall 2020",2020,4264,"Athletic Mens Baseball 20-21",3702,0,"T","Baseball"
126668,"Fall 2020",2020,4263,"Athletic Women's Vball 20-21",0,0,"T","Volleyball"
127615,"Fall 2020",2020,4263,"Athletic Women's Vball 20-21",3377,0,"T","Volleyball"
127641,"Fall 2020",2020,4263,"Athletic Women's Vball 20-21",3500,0,"T","Volleyball"
127894,"Fall 2020",2020,4263,"Athletic Women's Vball 20-21",5500,0,"T","Volleyball"
128044,"Fall 2020",2020,4263,"Athletic Women's Vball 20-21",2534,0,"T","Volleyball"
128381,"Fall 2020",2020,4263,"Athletic Women's Vball 20-21",6750,0,"T","Volleyball"
128696,"Fall 2020",2020,4266,"Athletic Men Track/Field 20-21",2812,0,"T","Track & Field"
128742,"Fall 2020",2020,4261,"Athletic Mens Basketball 20-21",2309,0,"T","Basketball"
128907,"Fall 2020",2020,4261,"Athletic Mens Basketball 20-21",2952,0,"T","Basketball"
129041,"Fall 2020",2020,4261,"Athletic Mens Basketball 20-21",3177,0,"T","Basketball"
129042,"Fall 2020",2020,4261,"Athletic Mens Basketball 20-21",0,0,"T","Basketball"
129091,"Fall 2020",2020,4261,"Athletic Mens Basketball 20-21",5000,0,"T","Basketball"
129146,"Fall 2020",2020,4266,"Athletic Men Track/Field 20-21",6750,0,"T","Track & Field"
134306,"Fall 2020",2020,4261,"Athletic Mens Basketball 20-21",4000,0,"T","Basketball"
134314,"Fall 2020",2020,4261,"Athletic Mens Basketball 20-21",3299,0,"T","Basketball"
134316,"Fall 2020",2020,4261,"Athletic Mens Basketball 20-21",0,0,"T","Basketball"
134328,"Fall 2020",2020,4261,"Athletic Mens Basketball 20-21",2722,0,"T","Basketball"
134357,"Fall 2020",2020,4261,"Athletic Mens Basketball 20-21",3472,0,"T","Basketball"
12019,"Spring 2021",2020,4264,"Athletic Mens Baseball 20-21",3703,0,"T","Baseball"
121995,"Spring 2021",2020,4266,"Athletic Men Track/Field 20-21",6750,0,"T","Track & Field"
124824,"Spring 2021",2020,4266,"Athletic Men Track/Field 20-21",2072,0,"T","Track & Field"
125984,"Spring 2021",2020,4263,"Athletic Women's Vball 20-21",1862,0,"T","Volleyball"
126128,"Spring 2021",2020,4264,"Athletic Mens Baseball 20-21",2000,0,"T","Baseball"
126315,"Spring 2021",2020,4264,"Athletic Mens Baseball 20-21",2000,0,"T","Baseball"
126460,"Spring 2021",2020,4264,"Athletic Mens Baseball 20-21",2000,0,"T","Baseball"
126642,"Spring 2021",2020,4264,"Athletic Mens Baseball 20-21",3703,0,"T","Baseball"
126668,"Spring 2021",2020,4263,"Athletic Women's Vball 20-21",253,0,"T","Volleyball"
127615,"Spring 2021",2020,4263,"Athletic Women's Vball 20-21",3378,0,"T","Volleyball"
127641,"Spring 2021",2020,4263,"Athletic Women's Vball 20-21",3500,0,"T","Volleyball"
127894,"Spring 2021",2020,4263,"Athletic Women's Vball 20-21",5500,0,"T","Volleyball"
128044,"Spring 2021",2020,4263,"Athletic Women's Vball 20-21",3534,0,"T","Volleyball"
128381,"Spring 2021",2020,4263,"Athletic Women's Vball 20-21",6750,0,"T","Volleyball"
128696,"Spring 2021",2020,4266,"Athletic Men Track/Field 20-21",2812,0,"T","Track & Field"
128714,"Spring 2021",2020,4264,"Athletic Mens Baseball 20-21",0,0,"T","Baseball"
128742,"Spring 2021",2020,4261,"Athletic Mens Basketball 20-21",3078,0,"T","Basketball"
128907,"Spring 2021",2020,4261,"Athletic Mens Basketball 20-21",2951,0,"T","Basketball"
129041,"Spring 2021",2020,4261,"Athletic Mens Basketball 20-21",3178,0,"T","Basketball"
129042,"Spring 2021",2020,4261,"Athletic Mens Basketball 20-21",0,0,"T","Basketball"
129091,"Spring 2021",2020,4261,"Athletic Mens Basketball 20-21",5000,0,"T","Basketball"
129146,"Spring 2021",2020,4266,"Athletic Men Track/Field 20-21",6750,0,"T","Track & Field"
134306,"Spring 2021",2020,4261,"Athletic Mens Basketball 20-21",4000,0,"T","Basketball"
134314,"Spring 2021",2020,4261,"Athletic Mens Basketball 20-21",3298,0,"T","Basketball"
134328,"Spring 2021",2020,4261,"Athletic Mens Basketball 20-21",3178,0,"T","Basketball"
134357,"Spring 2021",2020,4261,"Athletic Mens Basketball 20-21",4500,0,"T","Basketball"
80102,"Fall 2019",2019,4006,"Athletic Mens Baseball 19-20",2000,0,"T","Baseball"
110489,"Fall 2019",2019,4006,"Athletic Mens Baseball 19-20",4000,0,"T","Baseball"
111135,"Fall 2019",2019,4003,"Athletic Mens Basketball 19-20",6393,0,"T","Basketball"
114409,"Fall 2019",2019,4003,"Athletic Mens Basketball 19-20",4576,0,"T","Basketball"
114409,"Fall 2019",2019,4008,"Athletic Men Track/Field 19-20",1500,0,"T","Track & Field"
115439,"Fall 2019",2019,4003,"Athletic Mens Basketball 19-20",6517,0,"T","Basketball"
116331,"Fall 2019",2019,4006,"Athletic Mens Baseball 19-20",3250,0,"T","Baseball"
120274,"Fall 2019",2019,4006,"Athletic Mens Baseball 19-20",2000,0,"T","Baseball"
121713,"Fall 2019",2019,4006,"Athletic Mens Baseball 19-20",4000,0,"T","Baseball"
121767,"Fall 2019",2019,4003,"Athletic Mens Basketball 19-20",5024,0,"T","Basketball"
121987,"Fall 2019",2019,4003,"Athletic Mens Basketball 19-20",6662,0,"T","Basketball"
122135,"Fall 2019",2019,4003,"Athletic Mens Basketball 19-20",5500,0,"T","Basketball"
122512,"Fall 2019",2019,4006,"Athletic Mens Baseball 19-20",3000,0,"T","Baseball"
124824,"Fall 2019",2019,4008,"Athletic Men Track/Field 19-20",2800,0,"T","Track & Field"
126041,"Fall 2019",2019,4005,"Athletic Women's Vball 19-20",4263,0,"T","Volleyball"
126128,"Fall 2019",2019,4006,"Athletic Mens Baseball 19-20",2000,0,"T","Baseball"
126315,"Fall 2019",2019,4006,"Athletic Mens Baseball 19-20",2000,0,"T","Baseball"
126460,"Fall 2019",2019,4006,"Athletic Mens Baseball 19-20",2000,0,"T","Baseball"
126552,"Fall 2019",2019,4005,"Athletic Women's Vball 19-20",10118,0,"T","Volleyball"
126619,"Fall 2019",2019,4008,"Athletic Men Track/Field 19-20",2800,0,"T","Track & Field"
126668,"Fall 2019",2019,4005,"Athletic Women's Vball 19-20",1770,0,"T","Volleyball"
127615,"Fall 2019",2019,4005,"Athletic Women's Vball 19-20",6000,0,"T","Volleyball"
127641,"Fall 2019",2019,4005,"Athletic Women's Vball 19-20",0,0,"T","Volleyball"
127650,"Fall 2019",2019,4005,"Athletic Women's Vball 19-20",4000,0,"T","Volleyball"
127894,"Fall 2019",2019,4005,"Athletic Women's Vball 19-20",5500,0,"T","Volleyball"
128381,"Fall 2019",2019,4005,"Athletic Women's Vball 19-20",10118,0,"T","Volleyball"
128696,"Fall 2019",2019,4008,"Athletic Men Track/Field 19-20",4298,0,"T","Track & Field"
128714,"Fall 2019",2019,4006,"Athletic Mens Baseball 19-20",3000,0,"T","Baseball"
128742,"Fall 2019",2019,4003,"Athletic Mens Basketball 19-20",5000,0,"T","Basketball"
128907,"Fall 2019",2019,4003,"Athletic Mens Basketball 19-20",2951,0,"T","Basketball"
129038,"Fall 2019",2019,4003,"Athletic Mens Basketball 19-20",7020,0,"T","Basketball"
129041,"Fall 2019",2019,4003,"Athletic Mens Basketball 19-20",5000,0,"T","Basketball"
129042,"Fall 2019",2019,4003,"Athletic Mens Basketball 19-20",6517,0,"T","Basketball"
129091,"Fall 2019",2019,4003,"Athletic Mens Basketball 19-20",5000,0,"T","Basketball"
129099,"Fall 2019",2019,4003,"Athletic Mens Basketball 19-20",4163,0,"T","Basketball"
80102,"Spring 2020",2019,4006,"Athletic Mens Baseball 19-20",0,0,"T","Baseball"
111135,"Spring 2020",2019,4003,"Athletic Mens Basketball 19-20",6393,0,"T","Basketball"
114409,"Spring 2020",2019,4003,"Athletic Mens Basketball 19-20",4576,0,"T","Basketball"
114409,"Spring 2020",2019,4008,"Athletic Men Track/Field 19-20",1500,0,"T","Track & Field"
115439,"Spring 2020",2019,4003,"Athletic Mens Basketball 19-20",6517,0,"T","Basketball"
116331,"Spring 2020",2019,4006,"Athletic Mens Baseball 19-20",3250,0,"T","Baseball"
121713,"Spring 2020",2019,4006,"Athletic Mens Baseball 19-20",4000,0,"T","Baseball"
121767,"Spring 2020",2019,4003,"Athletic Mens Basketball 19-20",5024,0,"T","Basketball"
121987,"Spring 2020",2019,4003,"Athletic Mens Basketball 19-20",6662,0,"T","Basketball"
122135,"Spring 2020",2019,4003,"Athletic Mens Basketball 19-20",5500,0,"T","Basketball"
122512,"Spring 2020",2019,4006,"Athletic Mens Baseball 19-20",3000,0,"T","Baseball"
124824,"Spring 2020",2019,4008,"Athletic Men Track/Field 19-20",2800,0,"T","Track & Field"
126041,"Spring 2020",2019,4005,"Athletic Women's Vball 19-20",5737,0,"T","Volleyball"
126128,"Spring 2020",2019,4006,"Athletic Mens Baseball 19-20",2000,0,"T","Baseball"
126315,"Spring 2020",2019,4006,"Athletic Mens Baseball 19-20",2000,0,"T","Baseball"
126460,"Spring 2020",2019,4006,"Athletic Mens Baseball 19-20",2000,0,"T","Baseball"
126552,"Spring 2020",2019,4005,"Athletic Women's Vball 19-20",10118,0,"T","Volleyball"
126619,"Spring 2020",2019,4008,"Athletic Men Track/Field 19-20",2800,0,"T","Track & Field"
126668,"Spring 2020",2019,4005,"Athletic Women's Vball 19-20",1771,0,"T","Volleyball"
127615,"Spring 2020",2019,4005,"Athletic Women's Vball 19-20",6000,0,"T","Volleyball"
127641,"Spring 2020",2019,4005,"Athletic Women's Vball 19-20",1000,0,"T","Volleyball"
127650,"Spring 2020",2019,4005,"Athletic Women's Vball 19-20",4000,0,"T","Volleyball"
127894,"Spring 2020",2019,4005,"Athletic Women's Vball 19-20",5500,0,"T","Volleyball"
128381,"Spring 2020",2019,4005,"Athletic Women's Vball 19-20",10118,0,"T","Volleyball"
128696,"Spring 2020",2019,4008,"Athletic Men Track/Field 19-20",4299,0,"T","Track & Field"
128714,"Spring 2020",2019,4006,"Athletic Mens Baseball 19-20",3000,0,"T","Baseball"
128742,"Spring 2020",2019,4003,"Athletic Mens Basketball 19-20",5000,0,"T","Basketball"
128907,"Spring 2020",2019,4003,"Athletic Mens Basketball 19-20",2952,0,"T","Basketball"
129038,"Spring 2020",2019,4003,"Athletic Mens Basketball 19-20",7021,0,"T","Basketball"
129041,"Spring 2020",2019,4003,"Athletic Mens Basketball 19-20",5000,0,"T","Basketball"
129042,"Spring 2020",2019,4003,"Athletic Mens Basketball 19-20",6517,0,"T","Basketball"
129091,"Spring 2020",2019,4003,"Athletic Mens Basketball 19-20",5000,0,"T","Basketball"
129099,"Spring 2020",2019,4003,"Athletic Mens Basketball 19-20",4163,0,"T","Basketball"
129146,"Spring 2020",2019,4008,"Athletic Men Track/Field 19-20",10318,0,"T","Track & Field"
129322,"Spring 2020",2019,4008,"Athletic Men Track/Field 19-20",10318,0,"T","Track & Field"
106053,"Fall 2018",2018,3754,"Athletic Women's Vball 18-19",6250,0,"T","Volleyball"
108731,"Fall 2018",2018,3827,"Athletic Women's Soccer 18-19",5000,0,"T","Soccer"
109030,"Fall 2018",2018,3754,"Athletic Women's Vball 18-19",1149,0,"T","Volleyball"
110489,"Fall 2018",2018,3755,"Athletic Mens Baseball 18-19",5000,0,"T","Baseball"
110493,"Fall 2018",2018,3755,"Athletic Mens Baseball 18-19",4345,0,"T","Baseball"
111135,"Fall 2018",2018,3752,"Athletic Mens Basketball 18-19",6617,0,"T","Basketball"
114409,"Fall 2018",2018,3752,"Athletic Mens Basketball 18-19",3552,0,"T","Basketball"
115439,"Fall 2018",2018,3752,"Athletic Mens Basketball 18-19",6517,0,"T","Basketball"
115507,"Fall 2018",2018,3755,"Athletic Mens Baseball 18-19",3500,0,"T","Baseball"
115946,"Fall 2018",2018,3752,"Athletic Mens Basketball 18-19",5000,0,"T","Basketball"
116331,"Fall 2018",2018,3755,"Athletic Mens Baseball 18-19",1000,0,"T","Baseball"
118973,"Fall 2018",2018,3755,"Athletic Mens Baseball 18-19",0,0,"T","Baseball"
119086,"Fall 2018",2018,3756,"Athletic Mens Soccer 18-19",9217,0,"T","Soccer"
119212,"Fall 2018",2018,3756,"Athletic Mens Soccer 18-19",5000,0,"T","Soccer"
119842,"Fall 2018",2018,3754,"Athletic Women's Vball 18-19",4000,0,"T","Volleyball"
119864,"Fall 2018",2018,3827,"Athletic Women's Soccer 18-19",3500,0,"T","Soccer"
121288,"Fall 2018",2018,3752,"Athletic Mens Basketball 18-19",4050,0,"T","Basketball"
121367,"Fall 2018",2018,3827,"Athletic Women's Soccer 18-19",5000,0,"T","Soccer"
121541,"Fall 2018",2018,3757,"Athletic Men Track/Field 18-19",10318,0,"T","Track & Field"
121713,"Fall 2018",2018,3755,"Athletic Mens Baseball 18-19",4566,0,"T","Baseball"
121767,"Fall 2018",2018,3752,"Athletic Mens Basketball 18-19",7270,0,"T","Basketball"
121976,"Fall 2018",2018,3752,"Athletic Mens Basketball 18-19",6617,0,"T","Basketball"
121977,"Fall 2018",2018,3752,"Athletic Mens Basketball 18-19",6517,0,"T","Basketball"
121987,"Fall 2018",2018,3752,"Athletic Mens Basketball 18-19",8515,0,"T","Basketball"
121992,"Fall 2018",2018,3827,"Athletic Women's Soccer 18-19",3528,0,"T","Soccer"
122135,"Fall 2018",2018,3752,"Athletic Mens Basketball 18-19",5500,0,"T","Basketball"
122261,"Fall 2018",2018,3754,"Athletic Women's Vball 18-19",6500,0,"T","Volleyball"
122512,"Fall 2018",2018,3755,"Athletic Mens Baseball 18-19",3894,0,"T","Baseball"
123698,"Fall 2018",2018,3827,"Athletic Women's Soccer 18-19",10318,0,"T","Soccer"
124485,"Fall 2018",2018,3756,"Athletic Mens Soccer 18-19",10318,0,"T","Soccer"
124616,"Fall 2018",2018,3756,"Athletic Mens Soccer 18-19",7000,0,"T","Soccer"
124774,"Fall 2018",2018,3755,"Athletic Mens Baseball 18-19",2000,0,"T","Baseball"
124824,"Fall 2018",2018,3757,"Athletic Men Track/Field 18-19",2300,0,"T","Track & Field"
124949,"Fall 2018",2018,3756,"Athletic Mens Soccer 18-19",4954,0,"T","Soccer"
125781,"Fall 2018",2018,3827,"Athletic Women's Soccer 18-19",10318,0,"T","Soccer"
125887,"Fall 2018",2018,3757,"Athletic Men Track/Field 18-19",1800,0,"T","Track & Field"
126041,"Fall 2018",2018,3754,"Athletic Women's Vball 18-19",5000,0,"T","Volleyball"
126390,"Fall 2018",2018,3755,"Athletic Mens Baseball 18-19",3000,0,"T","Baseball"
126519,"Fall 2018",2018,3752,"Athletic Mens Basketball 18-19",7495,0,"T","Basketball"
126552,"Fall 2018",2018,3754,"Athletic Women's Vball 18-19",10118,0,"T","Volleyball"
126575,"Fall 2018",2018,3755,"Athletic Mens Baseball 18-19",5000,0,"T","Baseball"
126619,"Fall 2018",2018,3757,"Athletic Men Track/Field 18-19",2800,0,"T","Track & Field"
106053,"Spring 2019",2018,3754,"Athletic Women's Vball 18-19",6250,0,"T","Volleyball"
110489,"Spring 2019",2018,3755,"Athletic Mens Baseball 18-19",5000,0,"T","Baseball"
111135,"Spring 2019",2018,3752,"Athletic Mens Basketball 18-19",6169,0,"T","Basketball"
115439,"Spring 2019",2018,3752,"Athletic Mens Basketball 18-19",6517,0,"T","Basketball"
115507,"Spring 2019",2018,3755,"Athletic Mens Baseball 18-19",3500,0,"T","Baseball"
115946,"Spring 2019",2018,3752,"Athletic Mens Basketball 18-19",5000,0,"T","Basketball"
116331,"Spring 2019",2018,3755,"Athletic Mens Baseball 18-19",1000,0,"T","Baseball"
119212,"Spring 2019",2018,3756,"Athletic Mens Soccer 18-19",5000,0,"T","Soccer"
119732,"Spring 2019",2018,3757,"Athletic Men Track/Field 18-19",0,0,"T","Track & Field"
119864,"Spring 2019",2018,3827,"Athletic Women's Soccer 18-19",3500,0,"T","Soccer"
121288,"Spring 2019",2018,3752,"Athletic Mens Basketball 18-19",4050,0,"T","Basketball"
121541,"Spring 2019",2018,3757,"Athletic Men Track/Field 18-19",0,0,"T","Track & Field"
121713,"Spring 2019",2018,3755,"Athletic Mens Baseball 18-19",4566,0,"T","Baseball"
121767,"Spring 2019",2018,3752,"Athletic Mens Basketball 18-19",7271,0,"T","Basketball"
121976,"Spring 2019",2018,3752,"Athletic Mens Basketball 18-19",6617,0,"T","Basketball"
121977,"Spring 2019",2018,3752,"Athletic Mens Basketball 18-19",6517,0,"T","Basketball"
121987,"Spring 2019",2018,3752,"Athletic Mens Basketball 18-19",8514,0,"T","Basketball"
121992,"Spring 2019",2018,3827,"Athletic Women's Soccer 18-19",3529,0,"T","Soccer"
122135,"Spring 2019",2018,3752,"Athletic Mens Basketball 18-19",5500,0,"T","Basketball"
122261,"Spring 2019",2018,3754,"Athletic Women's Vball 18-19",6500,0,"T","Volleyball"
123698,"Spring 2019",2018,3827,"Athletic Women's Soccer 18-19",10318,0,"T","Soccer"
124332,"Spring 2019",2018,3754,"Athletic Women's Vball 18-19",2906,0,"T","Volleyball"
124485,"Spring 2019",2018,3756,"Athletic Mens Soccer 18-19",10318,0,"T","Soccer"
124616,"Spring 2019",2018,3756,"Athletic Mens Soccer 18-19",7000,0,"T","Soccer"
124824,"Spring 2019",2018,3757,"Athletic Men Track/Field 18-19",2300,0,"T","Track & Field"
125781,"Spring 2019",2018,3827,"Athletic Women's Soccer 18-19",10318,0,"T","Soccer"
125984,"Spring 2019",2018,3754,"Athletic Women's Vball 18-19",7071,0,"T","Volleyball"
126041,"Spring 2019",2018,3754,"Athletic Women's Vball 18-19",5000,0,"T","Volleyball"
126519,"Spring 2019",2018,3752,"Athletic Mens Basketball 18-19",7496,0,"T","Basketball"
126552,"Spring 2019",2018,3754,"Athletic Women's Vball 18-19",10118,0,"T","Volleyball"
126575,"Spring 2019",2018,3755,"Athletic Mens Baseball 18-19",5000,0,"T","Baseball"
126619,"Spring 2019",2018,3757,"Athletic Men Track/Field 18-19",2800,0,"T","Track & Field"
127650,"Spring 2019",2018,3754,"Athletic Women's Vball 18-19",10000,0,"T","Volleyball"
97715,"Fall 2017",2017,3504,"Athletic Mens Basketball 17-18",3250,0,"T","Basketball"
97955,"Fall 2017",2017,3504,"Athletic Mens Basketball 17-18",5500,0,"T","Basketball"
100855,"Fall 2017",2017,3579,"Athletic Women's Soccer 17-18",0,0,"T","Soccer"
105571,"Fall 2017",2017,3508,"Athletic Mens Soccer",4500,0,"T","Soccer"
105988,"Fall 2017",2017,3508,"Athletic Mens Soccer",2000,0,"T","Soccer"
106053,"Fall 2017",2017,3506,"Athletic Women's Vball 17-18",9626,0,"T","Volleyball"
106182,"Fall 2017",2017,3508,"Athletic Mens Soccer",3000,0,"T","Soccer"
106737,"Fall 2017",2017,3507,"Athletic Mens Baseball 17-18",3500,0,"T","Baseball"
106800,"Fall 2017",2017,3508,"Athletic Mens Soccer",1500,0,"T","Soccer"
108731,"Fall 2017",2017,3579,"Athletic Women's Soccer 17-18",2242,0,"T","Soccer"
108769,"Fall 2017",2017,3508,"Athletic Mens Soccer",7000,0,"T","Soccer"
109030,"Fall 2017",2017,3506,"Athletic Women's Vball 17-18",1149,0,"T","Volleyball"
109899,"Fall 2017",2017,3506,"Athletic Women's Vball 17-18",5000,0,"T","Volleyball"
110089,"Fall 2017",2017,3579,"Athletic Women's Soccer 17-18",0,0,"T","Soccer"
110359,"Fall 2017",2017,3507,"Athletic Mens Baseball 17-18",1500,0,"T","Baseball"
110489,"Fall 2017",2017,3507,"Athletic Mens Baseball 17-18",4000,0,"T","Baseball"
110493,"Fall 2017",2017,3507,"Athletic Mens Baseball 17-18",3500,0,"T","Baseball"
110844,"Fall 2017",2017,3507,"Athletic Mens Baseball 17-18",19252,0,"T","Baseball"
110967,"Fall 2017",2017,3505,"Athletic Women's Basketball 17",6669,0,"T","Basketball"
111009,"Fall 2017",2017,3505,"Athletic Women's Basketball 17",6000,0,"T","Basketball"
112716,"Fall 2017",2017,3506,"Athletic Women's Vball 17-18",9626,0,"T","Volleyball"
114409,"Fall 2017",2017,3504,"Athletic Mens Basketball 17-18",6000,0,"T","Basketball"
115088,"Fall 2017",2017,3579,"Athletic Women's Soccer 17-18",0,0,"T","Soccer"
115272,"Fall 2017",2017,3579,"Athletic Women's Soccer 17-18",0,0,"T","Soccer"
115439,"Fall 2017",2017,3504,"Athletic Mens Basketball 17-18",6166,0,"T","Basketball"
115507,"Fall 2017",2017,3507,"Athletic Mens Baseball 17-18",3500,0,"T","Baseball"
115609,"Fall 2017",2017,3507,"Athletic Mens Baseball 17-18",1500,0,"T","Baseball"
115655,"Fall 2017",2017,3505,"Athletic Women's Basketball 17",7000,0,"T","Basketball"
115832,"Fall 2017",2017,3505,"Athletic Women's Basketball 17",6000,0,"T","Basketball"
115928,"Fall 2017",2017,3506,"Athletic Women's Vball 17-18",9626,0,"T","Volleyball"
115946,"Fall 2017",2017,3504,"Athletic Mens Basketball 17-18",5915,0,"T","Basketball"
116214,"Fall 2017",2017,3505,"Athletic Women's Basketball 17",4000,0,"T","Basketball"
116459,"Fall 2017",2017,3579,"Athletic Women's Soccer 17-18",1500,0,"T","Soccer"
116947,"Fall 2017",2017,3507,"Athletic Mens Baseball 17-18",4719,0,"T","Baseball"
118325,"Fall 2017",2017,3507,"Athletic Mens Baseball 17-18",4000,0,"T","Baseball"
118375,"Fall 2017",2017,3513,"Athletic Women Track 17-18",1500,0,"T","Track & Field"
118965,"Fall 2017",2017,3509,"Athletic Men Track 17-18",9822,0,"T","Track & Field"
118973,"Fall 2017",2017,3507,"Athletic Mens Baseball 17-18",4900,0,"T","Baseball"
119086,"Fall 2017",2017,3508,"Athletic Mens Soccer",5000,0,"T","Soccer"
119212,"Fall 2017",2017,3508,"Athletic Mens Soccer",5000,0,"T","Soccer"
119288,"Fall 2017",2017,3506,"Athletic Women's Vball 17-18",9626,0,"T","Volleyball"
119842,"Fall 2017",2017,3506,"Athletic Women's Vball 17-18",3525,0,"T","Volleyball"
119847,"Fall 2017",2017,3513,"Athletic Women Track 17-18",9822,0,"T","Track & Field"
120732,"Fall 2017",2017,3505,"Athletic Women's Basketball 17",7895,0,"T","Basketball"
120849,"Fall 2017",2017,3505,"Athletic Women's Basketball 17",5411,0,"T","Basketball"
121042,"Fall 2017",2017,3505,"Athletic Women's Basketball 17",6666,0,"T","Basketball"
121288,"Fall 2017",2017,3504,"Athletic Mens Basketball 17-18",4050,0,"T","Basketball"
121298,"Fall 2017",2017,3504,"Athletic Mens Basketball 17-18",4050,0,"T","Basketball"
121367,"Fall 2017",2017,3579,"Athletic Women's Soccer 17-18",4862,0,"T","Soccer"
121424,"Fall 2017",2017,3505,"Athletic Women's Basketball 17",4500,0,"T","Basketball"
121541,"Fall 2017",2017,3509,"Athletic Men Track 17-18",9822,0,"T","Track & Field"
121671,"Fall 2017",2017,3507,"Athletic Mens Baseball 17-18",4000,0,"T","Baseball"
121680,"Fall 2017",2017,3505,"Athletic Women's Basketball 17",0,0,"T","Basketball"
121713,"Fall 2017",2017,3507,"Athletic Mens Baseball 17-18",4866,0,"T","Baseball"
121767,"Fall 2017",2017,3504,"Athletic Mens Basketball 17-18",6517,0,"T","Basketball"
121788,"Fall 2017",2017,3513,"Athletic Women Track 17-18",9822,0,"T","Track & Field"
121866,"Fall 2017",2017,3506,"Athletic Women's Vball 17-18",3000,0,"T","Volleyball"
121914,"Fall 2017",2017,3509,"Athletic Men Track 17-18",9822,0,"T","Track & Field"
121976,"Fall 2017",2017,3504,"Athletic Mens Basketball 17-18",6517,0,"T","Basketball"
121977,"Fall 2017",2017,3504,"Athletic Mens Basketball 17-18",6191,0,"T","Basketball"
121979,"Fall 2017",2017,3504,"Athletic Mens Basketball 17-18",4050,0,"T","Basketball"
121987,"Fall 2017",2017,3504,"Athletic Mens Basketball 17-18",6937,0,"T","Basketball"
97715,"Spring 2018",2017,3504,"Athletic Mens Basketball 17-18",3250,0,"T","Basketball"
97955,"Spring 2018",2017,3504,"Athletic Mens Basketball 17-18",5500,0,"T","Basketball"
105571,"Spring 2018",2017,3508,"Athletic Mens Soccer",4500,0,"T","Soccer"
105988,"Spring 2018",2017,3508,"Athletic Mens Soccer",2000,0,"T","Soccer"
106053,"Spring 2018",2017,3506,"Athletic Women's Vball 17-18",9626,0,"T","Volleyball"
106182,"Spring 2018",2017,3508,"Athletic Mens Soccer",3000,0,"T","Soccer"
106737,"Spring 2018",2017,3507,"Athletic Mens Baseball 17-18",3500,0,"T","Baseball"
106800,"Spring 2018",2017,3508,"Athletic Mens Soccer",1500,0,"T","Soccer"
108731,"Spring 2018",2017,3579,"Athletic Women's Soccer 17-18",2242,0,"T","Soccer"
108769,"Spring 2018",2017,3508,"Athletic Mens Soccer",7000,0,"T","Soccer"
109030,"Spring 2018",2017,3506,"Athletic Women's Vball 17-18",1149,0,"T","Volleyball"
109899,"Spring 2018",2017,3506,"Athletic Women's Vball 17-18",5000,0,"T","Volleyball"
110089,"Spring 2018",2017,3579,"Athletic Women's Soccer 17-18",0,0,"T","Soccer"
110359,"Spring 2018",2017,3507,"Athletic Mens Baseball 17-18",1500,0,"T","Baseball"
110489,"Spring 2018",2017,3507,"Athletic Mens Baseball 17-18",4000,0,"T","Baseball"
110493,"Spring 2018",2017,3507,"Athletic Mens Baseball 17-18",3500,0,"T","Baseball"
110844,"Spring 2018",2017,3507,"Athletic Mens Baseball 17-18",19252,0,"T","Baseball"
110967,"Spring 2018",2017,3505,"Athletic Women's Basketball 17",6669,0,"T","Basketball"
111009,"Spring 2018",2017,3505,"Athletic Women's Basketball 17",6000,0,"T","Basketball"
112716,"Spring 2018",2017,3506,"Athletic Women's Vball 17-18",9626,0,"T","Volleyball"
114409,"Spring 2018",2017,3504,"Athletic Mens Basketball 17-18",6000,0,"T","Basketball"
115088,"Spring 2018",2017,3579,"Athletic Women's Soccer 17-18",0,0,"T","Soccer"
115439,"Spring 2018",2017,3504,"Athletic Mens Basketball 17-18",6166,0,"T","Basketball"
115507,"Spring 2018",2017,3507,"Athletic Mens Baseball 17-18",3500,0,"T","Baseball"
115609,"Spring 2018",2017,3507,"Athletic Mens Baseball 17-18",1500,0,"T","Baseball"
115655,"Spring 2018",2017,3505,"Athletic Women's Basketball 17",6666,0,"T","Basketball"
115832,"Spring 2018",2017,3505,"Athletic Women's Basketball 17",6000,0,"T","Basketball"
115928,"Spring 2018",2017,3506,"Athletic Women's Vball 17-18",9626,0,"T","Volleyball"
115946,"Spring 2018",2017,3504,"Athletic Mens Basketball 17-18",5915,0,"T","Basketball"
116214,"Spring 2018",2017,3505,"Athletic Women's Basketball 17",4000,0,"T","Basketball"
116459,"Spring 2018",2017,3579,"Athletic Women's Soccer 17-18",1500,0,"T","Soccer"
116947,"Spring 2018",2017,3507,"Athletic Mens Baseball 17-18",4714,0,"T","Baseball"
118325,"Spring 2018",2017,3507,"Athletic Mens Baseball 17-18",4000,0,"T","Baseball"
118375,"Spring 2018",2017,3513,"Athletic Women Track 17-18",1500,0,"T","Track & Field"
118965,"Spring 2018",2017,3514,"Athletic Men Cross Country",9822,0,"T","Cross Country"
118973,"Spring 2018",2017,3507,"Athletic Mens Baseball 17-18",4900,0,"T","Baseball"
119086,"Spring 2018",2017,3508,"Athletic Mens Soccer",5000,0,"T","Soccer"
119212,"Spring 2018",2017,3508,"Athletic Mens Soccer",5000,0,"T","Soccer"
119288,"Spring 2018",2017,3506,"Athletic Women's Vball 17-18",9626,0,"T","Volleyball"
119842,"Spring 2018",2017,3506,"Athletic Women's Vball 17-18",3524,0,"T","Volleyball"
119847,"Spring 2018",2017,3515,"Athletic Women Cross Country",9822,0,"T","Cross Country"
120732,"Spring 2018",2017,3505,"Athletic Women's Basketball 17",7895,0,"T","Basketball"
120849,"Spring 2018",2017,3505,"Athletic Women's Basketball 17",5412,0,"T","Basketball"
121042,"Spring 2018",2017,3505,"Athletic Women's Basketball 17",6666,0,"T","Basketball"
121288,"Spring 2018",2017,3504,"Athletic Mens Basketball 17-18",4050,0,"T","Basketball"
121298,"Spring 2018",2017,3504,"Athletic Mens Basketball 17-18",4050,0,"T","Basketball"
121367,"Spring 2018",2017,3579,"Athletic Women's Soccer 17-18",4862,0,"T","Soccer"
121424,"Spring 2018",2017,3505,"Athletic Women's Basketball 17",4500,0,"T","Basketball"
121541,"Spring 2018",2017,3514,"Athletic Men Cross Country",9822,0,"T","Cross Country"
121671,"Spring 2018",2017,3507,"Athletic Mens Baseball 17-18",4000,0,"T","Baseball"
121680,"Spring 2018",2017,3505,"Athletic Women's Basketball 17",0,0,"T","Basketball"
121713,"Spring 2018",2017,3507,"Athletic Mens Baseball 17-18",4866,0,"T","Baseball"
121767,"Spring 2018",2017,3504,"Athletic Mens Basketball 17-18",6517,0,"T","Basketball"
121788,"Spring 2018",2017,3515,"Athletic Women Cross Country",9822,0,"T","Cross Country"
121843,"Spring 2018",2017,3508,"Athletic Mens Soccer",0,0,"T","Soccer"
121848,"Spring 2018",2017,3508,"Athletic Mens Soccer",5322,0,"T","Soccer"
121866,"Spring 2018",2017,3506,"Athletic Women's Vball 17-18",3000,0,"T","Volleyball"
121914,"Spring 2018",2017,3514,"Athletic Men Cross Country",9822,0,"T","Cross Country"
121941,"Spring 2018",2017,3509,"Athletic Men Track 17-18",3784,0,"T","Track & Field"
121941,"Spring 2018",2017,3514,"Athletic Men Cross Country",3784,0,"T","Cross Country"
121976,"Spring 2018",2017,3504,"Athletic Mens Basketball 17-18",6517,0,"T","Basketball"
121977,"Spring 2018",2017,3504,"Athletic Mens Basketball 17-18",6191,0,"T","Basketball"
121979,"Spring 2018",2017,3504,"Athletic Mens Basketball 17-18",0,0,"T","Basketball"
121987,"Spring 2018",2017,3504,"Athletic Mens Basketball 17-18",6937,0,"T","Basketball"
122261,"Spring 2018",2017,3505,"Athletic Women's Basketball 17",0,0,"T","Basketball"
122261,"Spring 2018",2017,3506,"Athletic Women's Vball 17-18",5000,0,"T","Volleyball"
123698,"Spring 2018",2017,3579,"Athletic Women's Soccer 17-18",9822,0,"T","Soccer"
124585,"Spring 2018",2017,3505,"Athletic Women's Basketball 17",6666,0,"T","Basketball"
124818,"Spring 2018",2017,3505,"Athletic Women's Basketball 17",6666,0,"T","Basketball"
